geonameid,name,country_code,country,latitude,longitude,elevation_m,population,timezone,duration_seconds,seconds_sacrificed,sun_altitude_deg,max_eclipse_ut_hours,distance_from_centerline_km
355026,Girga,EG,Egypt,26.33721,31.89295,78,151256,Africa/Cairo,383.0,0.1,81.38,10.042905,1.0
361435,Al Balyanā,EG,Egypt,26.23648,32.00387,74,68413,Africa/Cairo,382.9,0.2,81.46,10.049338,3.7
444473,Dār as Salām,EG,Egypt,26.27845,32.05608,69,38008,Africa/Cairo,382.8,0.3,81.41,10.050022,3.1
351434,Nag Hammâdi,EG,Egypt,26.04949,32.24142,78,59601,Africa/Cairo,382.5,0.6,81.58,10.062384,6.9
360773,Al Minshāh,EG,Egypt,26.4775,31.80394,74,91149,Africa/Cairo,382.4,0.7,81.26,10.036201,6.7
354981,Juhaynah,EG,Egypt,26.67418,31.49686,65,76555,Africa/Cairo,382.4,0.7,81.09,10.020593,7.1
347796,Sohag,EG,Egypt,26.55695,31.69478,67,266944,Africa/Cairo,382.3,0.9,81.19,10.030402,7.7
361995,Abū Ţisht,EG,Egypt,26.12039,32.09543,71,18194,Africa/Cairo,382.2,0.9,81.55,10.055522,9.0
360471,Al Waqf,EG,Egypt,26.08657,32.42265,77,34723,Africa/Cairo,382.2,0.9,81.5,10.067585,7.0
359480,Az Zaynīyah Qiblī,EG,Egypt,25.75089,32.6776,79,20000,Africa/Cairo,382.1,1.0,81.71,10.085208,8.4
355174,Jarājūs,EG,Egypt,25.87198,32.75585,80,20427,Africa/Cairo,382.0,1.1,81.58,10.084629,7.1
351356,Naqādah,EG,Egypt,25.90107,32.72392,82,26774,Africa/Cairo,381.9,1.2,81.56,10.082767,7.9
356933,Farshūţ,EG,Egypt,26.05501,32.16274,77,71013,Africa/Cairo,381.8,1.4,81.59,10.059549,11.0
361661,Akhmīm,EG,Egypt,26.5622,31.74566,82,151430,Africa/Cairo,381.5,1.7,81.18,10.032007,11.0
9073431,Aţ Ţārif,EG,Egypt,25.73826,32.63684,88,38871,Africa/Cairo,381.4,1.7,81.74,10.084157,11.9
350422,Qūş,EG,Egypt,25.91544,32.76287,83,84386,Africa/Cairo,381.0,2.1,81.54,10.083706,11.5
358115,Dishnā,EG,Egypt,26.12242,32.46749,79,64744,Africa/Cairo,380.8,2.4,81.45,10.068162,12.8
360502,Luxor,EG,Egypt,25.69893,32.6421,89,422407,Africa/Cairo,380.4,2.7,81.77,10.08539,15.1
360748,Al Marāghah,EG,Egypt,26.69981,31.60464,65,53643,Africa/Cairo,380.0,3.1,81.06,10.023623,15.5
349600,Sāqultah,EG,Egypt,26.65817,31.67137,67,34273,Africa/Cairo,380.0,3.1,81.09,10.026981,15.5
361301,Al Ghanāyim,EG,Egypt,26.87524,31.32963,61,70884,Africa/Cairo,379.8,3.3,80.89,10.0097,16.0
347634,Ţahţā,EG,Egypt,26.76866,31.50198,66,134314,Africa/Cairo,379.8,3.3,80.99,10.018336,16.0
361391,Al Bayāḑīyah,EG,Egypt,25.66477,32.63539,86,23550,Africa/Cairo,379.1,4.0,81.8,10.086076,18.6
361394,Al Bawīţī,EG,Egypt,28.34827,28.86936,131,15653,Africa/Cairo,377.7,5.4,78.68,9.888796,19.2
350560,Qifţ,EG,Egypt,25.99845,32.81808,77,24010,Africa/Cairo,376.7,6.5,81.45,10.083362,22.2
347296,Ţimā,EG,Egypt,26.90843,31.43469,66,101130,Africa/Cairo,375.4,7.7,80.85,10.012447,25.0
360170,Armant,EG,Egypt,25.61988,32.54305,85,78695,Africa/Cairo,374.1,9.0,81.87,10.084127,28.1
348962,Şidfā,EG,Egypt,26.96637,31.37953,62,30228,Africa/Cairo,374.0,9.1,80.8,10.009079,27.1
347422,Ţūd,EG,Egypt,25.58278,32.5329,83,30780,Africa/Cairo,371.4,11.7,81.91,10.084774,32.0
362004,Abū Tīj,EG,Egypt,27.04514,31.31845,70,105418,Africa/Cairo,371.3,11.8,80.72,10.00498,30.9
361478,Al Badārī,EG,Egypt,26.99306,31.41605,62,56033,Africa/Cairo,370.8,12.3,80.77,10.009646,31.6
109253,Al Līth,SA,Saudi Arabia,20.14804,40.27224,6,72000,Asia/Riyadh,370.6,12.6,74.58,10.494209,3.5
350550,Qina,EG,Egypt,26.16418,32.72671,80,252883,Africa/Cairo,370.5,12.6,81.33,10.075853,31.7
88319,Benghazi,LY,Libya,32.11486,20.06859,3,757490,Africa/Tripoli,369.2,13.9,67.78,9.51323,0.8
359892,As Sāḩil,EG,Egypt,27.06309,31.34425,61,54094,Africa/Cairo,368.9,14.2,80.7,10.005406,34.0
359783,Assiut,EG,Egypt,27.18096,31.18368,56,528669,Africa/Cairo,367.4,15.8,80.57,9.996923,35.8
352913,Manfalūţ,EG,Egypt,27.3126,30.96987,58,117925,Africa/Cairo,367.2,15.9,80.42,9.986285,36.0
434418,An Nāşirīyah,EG,Egypt,27.20583,31.19639,59,22435,Africa/Cairo,364.6,18.5,80.55,9.996727,38.8
12495725,Bariq,SA,Saudi Arabia,18.92966,41.92953,412,75351,Asia/Riyadh,364.4,18.7,71.87,10.580843,10.9
360526,Al Qūşīyah,EG,Egypt,27.44023,30.81712,54,99598,Africa/Cairo,364.1,19.0,80.27,9.977855,39.3
110690,Abha,SA,Saudi Arabia,18.21639,42.50528,2228,210886,Asia/Riyadh,363.4,19.7,70.77,10.619556,7.2
362973,Abnūb,EG,Egypt,27.26881,31.15232,55,111785,Africa/Cairo,361.3,21.8,80.48,9.993629,42.1
89087,Al Abyār,LY,Libya,32.19,20.59653,289,32563,Africa/Tripoli,360.7,22.4,68.26,9.529783,27.8
105072,Khamis Mushait,SA,Saudi Arabia,18.3,42.73333,1998,387553,Asia/Riyadh,360.3,22.9,70.5,10.623547,15.9
8015577,Bāqim as Sūq,YE,Yemen,17.39713,43.47743,2117,0,Asia/Aden,360.2,22.9,69.05,10.672309,5.2
105343,Jeddah,SA,Saudi Arabia,21.49012,39.18624,7,4697000,Asia/Riyadh,359.6,23.5,76.38,10.420303,34.8
399518,Al Majāridah,SA,Saudi Arabia,19.132,41.924,456,14830,Asia/Riyadh,357.6,25.6,71.97,10.57451,27.2
70346,Al ‘Inān,YE,Yemen,16.72189,44.31252,2131,100,Asia/Aden,357.4,25.7,67.57,10.71615,0.5
73668,Kitāf,YE,Yemen,17.03165,44.10905,1953,0,Asia/Aden,357.0,26.1,68.01,10.701076,10.2
7345723,Al Hijrah,YE,Yemen,17.29788,43.38718,2449,0,Asia/Aden,356.8,26.4,69.12,10.672832,19.8
406761,Rajūzah,YE,Yemen,16.70056,44.41454,2077,0,Asia/Aden,356.7,26.4,67.42,10.719596,5.1
406635,Al Ḩashwah,YE,Yemen,16.90641,44.27622,1537,0,Asia/Aden,356.0,27.2,67.72,10.709461,12.0
87192,Daryānah,LY,Libya,32.34751,20.30933,8,7558,Africa/Tripoli,355.9,27.3,67.85,9.517881,33.4
406884,Al Ḩumaydāt,YE,Yemen,16.4844,44.42934,1305,0,Asia/Aden,355.5,27.6,67.28,10.726487,11.5
406845,Al Khirāb,YE,Yemen,16.5544,44.29048,1380,0,Asia/Aden,354.8,28.3,67.51,10.720553,15.8
71334,Sa'dah,YE,Yemen,16.94021,43.76393,1876,51870,Asia/Aden,354.3,28.8,68.42,10.69426,22.1
79455,Al Ḩazm,YE,Yemen,16.16406,44.77692,1116,18241,Asia/Aden,353.9,29.2,66.64,10.745678,12.6
12500245,Sarāt ‘Abīdah,SA,Saudi Arabia,18.089,43.132,2325,19855,Asia/Riyadh,353.6,29.5,69.86,10.641422,26.9
8534038,Majz,YE,Yemen,17.06939,43.57507,2001,0,Asia/Aden,353.5,29.6,68.75,10.685046,25.1
81604,Qaryat Sulūq,LY,Libya,31.66818,20.25205,55,19918,Africa/Tripoli,353.2,30.0,68.3,9.526056,38.4
358269,Dayrūţ,EG,Egypt,27.55642,30.81057,51,102570,Africa/Cairo,352.6,30.5,80.15,9.974731,49.6
77529,Az Zāhir,YE,Yemen,16.31733,44.49505,1206,0,Asia/Aden,352.2,30.9,67.1,10.733355,20.4
407129,Ar Rawḑ,YE,Yemen,16.06145,44.81012,1099,0,Asia/Aden,351.8,31.3,66.53,10.749691,18.6
407042,Al Matūn,YE,Yemen,16.23063,44.58476,1164,0,Asia/Aden,351.6,31.5,66.93,10.738435,21.0
407048,Al Maşlūb,YE,Yemen,16.18271,44.62613,1152,0,Asia/Aden,351.0,32.1,66.85,10.741017,22.0
407036,Ḩişn Banī Sa‘d,YE,Yemen,16.27293,44.47728,1192,0,Asia/Aden,349.9,33.3,67.1,10.734217,25.4
407049,Al Ghayl,YE,Yemen,16.10774,44.68005,1137,0,Asia/Aden,349.7,33.4,66.73,10.74476,24.2
78019,Asdās,YE,Yemen,15.76601,45.08151,1102,0,Asia/Aden,348.7,34.4,66.0,10.765973,23.1
7683765,Ash Shawātī,YE,Yemen,16.78314,43.81265,1992,25,Asia/Aden,348.7,34.4,68.27,10.700424,31.5
77726,Ataq,YE,Yemen,14.53767,46.83187,1148,37315,Asia/Aden,347.0,36.1,62.95,10.848788,4.1
7345827,Sūq al Khamīs,YE,Yemen,17.18126,43.28811,1863,0,Asia/Aden,346.8,36.3,69.19,10.673532,36.5
13157454,Al-Juwain,SA,Saudi Arabia,17.53756,42.85038,950,3500,Asia/Riyadh,346.4,36.7,69.97,10.650098,38.5
77862,Aş Şa‘īd,YE,Yemen,14.33011,46.87292,1253,0,Asia/Aden,345.9,37.2,62.77,10.856047,9.9
8356686,Al Ḩuşūn,YE,Yemen,15.4739,45.36691,1076,0,Asia/Aden,345.9,37.2,65.45,10.782445,26.2
75518,Ḩabbān,YE,Yemen,14.35411,47.07649,973,0,Asia/Aden,345.6,37.5,62.52,10.860454,7.0
108617,An Nimas,SA,Saudi Arabia,19.14547,42.12009,2385,24153,Asia/Riyadh,344.9,38.2,71.7,10.580003,42.1
106667,Fayfā’,SA,Saudi Arabia,17.2806,43.13735,898,29793,Asia/Riyadh,344.9,38.3,69.45,10.666121,39.1
355449,Esna,EG,Egypt,25.29336,32.55402,86,462787,Africa/Cairo,344.5,38.6,82.15,10.093281,56.8
72968,Ma'rib,YE,Yemen,15.46253,45.32581,1095,16794,Asia/Aden,343.7,39.4,65.5,10.781696,30.1
11125824,AL-khashā upper,YE,Yemen,14.34044,46.71365,1260,1100,Asia/Aden,343.2,40.0,62.98,10.85168,20.7
8308217,Khimār,YE,Yemen,14.3198,46.73922,1300,3000,Asia/Aden,343.1,40.0,62.94,10.852956,20.5
72181,Nişāb,YE,Yemen,14.50743,46.49349,1088,0,Asia/Aden,342.9,40.2,63.38,10.841019,23.1
2473570,Mahires,TN,Tunisia,34.5275,10.50083,9,15878,Africa/Tunis,342.6,40.5,55.97,9.185014,9.1
84257,Qamīnis,LY,Libya,31.6576,20.01697,20,8688,Africa/Tripoli,342.6,40.6,68.06,9.518244,48.0
69769,‘Usaylān,YE,Yemen,15.03201,45.82832,1036,0,Asia/Aden,342.5,40.6,64.57,10.807974,28.7
359823,As Sibā‘īyah,EG,Egypt,25.19413,32.6771,86,21610,Africa/Cairo,342.1,41.0,82.18,10.100181,58.4
2466698,Sidi Abid,TN,Tunisia,34.69999,10.69501,15,33419,Africa/Tunis,341.6,41.5,56.11,9.189817,13.5
2472379,Bir Ali Ben Khalifa,TN,Tunisia,34.73592,10.0924,172,4905,Africa/Tunis,341.6,41.5,55.43,9.171975,5.8
2473859,Agareb,TN,Tunisia,34.74059,10.52527,83,11513,Africa/Tunis,340.7,42.4,55.9,9.184611,14.6
406737,Al Maḩjal,YE,Yemen,16.71169,44.84769,1436,0,Asia/Aden,340.2,42.9,66.84,10.731003,37.3
34717,Majzar,YE,Yemen,15.85,44.775,1206,0,Asia/Aden,339.6,43.5,66.46,10.755169,38.4
361405,Al Başalīyah Baḩrī,EG,Egypt,25.15,32.71667,84,32920,Africa/Cairo,339.6,43.5,82.2,10.102732,60.1
2467454,Sfax,TN,Tunisia,34.74056,10.76028,8,280566,Africa/Tunis,339.6,43.5,56.16,9.191521,19.2
11862748,Ben Aoun,TN,Tunisia,34.85261,9.14391,462,9297,Africa/Tunis,339.1,44.0,54.33,9.144016,1.4
2473776,Ghraiba,TN,Tunisia,34.49555,10.21113,37,3251,Africa/Tunis,339.1,44.0,55.66,9.176656,18.1
2473258,Er Regueb,TN,Tunisia,34.85932,9.78654,195,11420,Africa/Tunis,338.8,44.3,55.04,9.162526,13.6
406662,Sāqayn,YE,Yemen,16.877,43.52499,2272,41,Asia/Aden,338.8,44.3,68.71,10.689544,44.5
2473525,Mezzouna,TN,Tunisia,34.57758,9.84193,155,7390,Africa/Tunis,338.7,44.4,55.21,9.165435,16.1
358274,Dayr Mawās,EG,Egypt,27.64148,30.85012,51,60835,Africa/Cairo,338.5,44.6,80.07,9.973963,59.6
88967,Al Jaghbūb,LY,Libya,29.74262,24.51676,11,2768,Africa/Tripoli,338.1,45.0,74.1,9.706942,57.7
2473633,Kellabine,TN,Tunisia,34.70882,11.2147,3,15501,Africa/Tunis,338.0,45.2,56.68,9.205092,24.9
2472380,Bir el Hafey,TN,Tunisia,34.93212,9.19321,438,6498,Africa/Tunis,337.8,45.4,54.36,9.145114,11.0
78991,Al Maḩfid,YE,Yemen,14.05847,46.91329,660,0,Asia/Aden,337.7,45.4,62.55,10.865084,29.1
2473513,El Maknassi,TN,Tunisia,34.60433,9.60815,259,14773,Africa/Tunis,337.5,45.6,54.94,9.158493,17.5
7341410,Madghil,YE,Yemen,15.59858,45.04013,1197,0,Asia/Aden,337.4,45.7,65.96,10.769944,39.7
2471059,Feriana,TN,Tunisia,34.94529,8.56789,737,75000,Africa/Tunis,337.3,45.8,53.66,9.127216,1.9
2584420,Dar el Haj Taïeb,TN,Tunisia,34.78444,10.74389,24,26304,Africa/Tunis,337.3,45.8,56.12,9.190804,23.6
12056179,Shalātīn,EG,Egypt,23.13905,35.59821,11,12421,Africa/Cairo,337.3,45.9,80.88,10.256371,60.1
2473470,Gremda,TN,Tunisia,34.79075,10.72059,35,40862,Africa/Tunis,337.1,46.0,56.1,9.190085,23.8
2464569,Thelepte,TN,Tunisia,34.97776,8.59264,793,6932,Africa/Tunis,337.0,46.1,53.67,9.12779,5.8
2467243,Sakiet ed Daier,TN,Tunisia,34.79435,10.80617,12,125204,Africa/Tunis,336.1,47.0,56.19,9.192582,25.9
2467242,Sakiet ez Zit,TN,Tunisia,34.80194,10.76361,22,100000,Africa/Tunis,336.0,47.1,56.14,9.19129,25.9
2473835,El Ain,TN,Tunisia,34.8,10.78333,15,43333,Africa/Tunis,336.0,47.2,56.16,9.191881,26.1
8555994,Shalateen,EG,Egypt,23.13235,35.59094,10,12443,Africa/Cairo,335.6,47.5,80.89,10.256323,61.1
79531,Al Ḩarf,YE,Yemen,16.36395,44.09421,1570,0,Asia/Aden,335.5,47.6,67.66,10.720962,45.6
78141,Ar Rawḑah,YE,Yemen,14.46725,47.27638,839,0,Asia/Aden,335.4,47.7,62.32,10.862106,30.8
7346660,Al Kharāb,YE,Yemen,16.99129,43.33888,1630,0,Asia/Aden,335.1,48.1,69.03,10.680742,48.5
86002,Jardas al ‘Abīd,LY,Libya,32.30337,20.98615,627,6744,Africa/Tripoli,334.8,48.3,68.57,9.541064,53.8
13132701,Menzel Bouzaiane,TN,Tunisia,34.5732,9.42567,302,7113,Africa/Tunis,334.0,49.1,54.75,9.153332,24.1
2471992,Borj Mejen Bel Abbès,TN,Tunisia,34.7501,8.51976,643,6471,Africa/Tunis,333.1,50.0,53.68,9.126562,20.3
71687,Ruḑūm,YE,Yemen,14.0851,47.74314,166,0,Asia/Aden,331.5,51.6,61.48,10.885029,33.8
2465840,Sidi Bouzid,TN,Tunisia,35.03823,9.48494,332,47595,Africa/Tunis,331.1,52.1,54.64,9.153051,27.6
103630,Najrān,SA,Saudi Arabia,17.49326,44.12766,1310,505652,Asia/Riyadh,331.0,52.1,68.22,10.687449,49.3
352736,Marsa Alam,EG,Egypt,25.06305,34.89005,18,10000,Africa/Cairo,330.8,52.4,80.82,10.178287,63.8
2506404,Arris,DZ,Algeria,35.25881,6.34706,1205,36641,Africa/Algiers,330.2,52.9,51.1,9.064894,3.9
355635,Edfu,EG,Egypt,24.97916,32.87722,90,79510,Africa/Cairo,330.0,53.1,82.26,10.112874,65.8
107746,Badr al-Janūb,SA,Saudi Arabia,17.88528,43.71407,2108,2709,Asia/Riyadh,329.3,53.8,68.97,10.664053,51.7
72746,Mayfa‘ah,YE,Yemen,14.27533,47.58414,394,0,Asia/Aden,329.2,53.9,61.8,10.875463,37.7
347863,Sīwah,EG,Egypt,29.2032,25.51965,-15,25031,Africa/Cairo,328.5,54.6,75.49,9.753016,64.6
2477740,Tarhit Ouled Hellal,DZ,Algeria,35.08111,6.33375,1444,3062,Africa/Algiers,327.9,55.2,51.14,9.064785,15.8
2503878,Bir el Ater,DZ,Algeria,34.74488,8.06024,889,70749,Africa/Algiers,327.5,55.6,53.17,9.113513,28.2
2469251,Menzel Chaker,TN,Tunisia,34.96472,10.36944,107,2278,Africa/Tunis,327.5,55.6,55.64,9.17894,35.9
2507877,Aïn Touta,DZ,Algeria,35.37675,5.90001,925,55736,Africa/Algiers,327.4,55.7,50.58,9.05279,11.3
2501404,Cheria,DZ,Algeria,35.27306,7.75194,1094,66160,Africa/Algiers,327.3,55.8,52.64,9.103288,25.0
53157,Qandala,SO,Somalia,11.47197,49.87282,8,19300,Africa/Mogadishu,327.1,56.0,57.05,11.011926,24.6
2473457,Kasserine,TN,Tunisia,35.16758,8.83651,674,84365,Africa/Tunis,327.0,56.1,53.87,9.134037,30.6
2505629,Barika,DZ,Algeria,35.38901,5.36584,476,98141,Africa/Algiers,326.7,56.4,49.99,9.038713,6.3
352951,Mallawī,EG,Egypt,27.73264,30.84129,53,212628,Africa/Cairo,325.0,58.1,79.97,9.971396,67.5
11862814,El Amra,TN,Tunisia,35.14795,9.28111,399,3361,Africa/Tunis,324.1,59.0,54.37,9.146777,36.0
34703,Sūq Şirwāḩ,YE,Yemen,15.44933,45.01891,1480,0,Asia/Aden,323.1,60.0,65.9,10.773929,53.5
2473183,As Sanad,TN,Tunisia,34.4628,9.26404,600,9533,Africa/Tunis,322.9,60.2,54.61,9.149064,39.0
2502625,Boumagueur,DZ,Algeria,35.5052,5.5525,756,8474,Africa/Algiers,322.5,60.7,50.16,9.043462,21.3
2473161,Skhira,TN,Tunisia,34.2992,10.06999,33,11944,Africa/Tunis,322.4,60.8,55.58,9.173496,42.2
107692,Baljurashi,SA,Saudi Arabia,19.85944,41.55722,2041,51787,Asia/Riyadh,322.1,61.0,72.74,10.541676,61.7
411056,Ḩaydān,YE,Yemen,16.77899,43.43372,2121,0,Asia/Aden,321.5,61.7,68.78,10.689953,59.1
2477528,Tazoult-Lambese,DZ,Algeria,35.48171,6.26074,1205,41636,Africa/Algiers,321.3,61.8,50.94,9.06222,27.3
88834,Tūkrah,LY,Libya,32.53414,20.57911,16,12593,Africa/Tripoli,321.0,62.1,67.98,9.524126,62.3
34888,An Naz̧īr,YE,Yemen,16.90916,43.26226,1782,0,Asia/Aden,319.6,63.5,69.09,10.681104,60.7
2476409,Timgad,DZ,Algeria,35.49281,6.46999,1025,11828,Africa/Algiers,319.3,63.8,51.17,9.067859,31.2
2491889,Khenchela,DZ,Algeria,35.43583,7.14333,1128,114472,Africa/Algiers,319.2,63.9,51.92,9.08617,34.1
2486177,N’Gaous,DZ,Algeria,35.555,5.61056,758,29453,Africa/Algiers,319.2,63.9,50.21,9.044945,27.5
360159,Ar Radīsīyah Qiblī,EG,Egypt,24.90652,32.88563,97,16190,Africa/Cairo,318.9,64.3,82.32,10.115143,71.8
7931039,Jawl al Majma‘,YE,Yemen,14.93278,47.02763,1092,0,Asia/Aden,318.8,64.4,62.93,10.841948,50.6
2503852,Birine,DZ,Algeria,35.635,3.225,736,26670,Africa/Algiers,318.5,64.7,47.59,8.983575,12.6
2507972,Aïn Oussera,DZ,Algeria,35.45139,2.90583,685,98107,Africa/Algiers,318.4,64.7,47.28,8.975475,10.3
2586938,Ailet Jridani,TN,Tunisia,35.10051,10.03425,128,1705,Africa/Tunis,318.3,64.8,55.21,9.1686,44.4
73788,Khawrah,YE,Yemen,14.43201,46.15435,1199,0,Asia/Aden,318.0,65.1,63.78,10.834533,54.0
2464979,Sbeitla,TN,Tunisia,35.23151,9.12321,530,23764,Africa/Tunis,317.6,65.5,54.16,9.141944,42.4
77017,Bayḩān,YE,Yemen,14.80067,45.71889,2,0,Asia/Aden,317.2,65.9,64.58,10.811919,55.6
2508157,Ain el Hadjel,DZ,Algeria,35.67003,3.88153,544,28728,Africa/Algiers,316.8,66.4,48.29,9.000187,22.2
2473900,El Abadlia,TN,Tunisia,35.1399,9.85316,243,2494,Africa/Tunis,316.7,66.4,55.0,9.163193,45.3
2502385,Bou Saâda,DZ,Algeria,35.20855,4.17402,611,111787,Africa/Algiers,316.4,66.7,48.72,9.007649,26.1
2505572,Batna,DZ,Algeria,35.55597,6.17414,1037,289504,Africa/Algiers,315.9,67.2,50.82,9.059836,34.4
2475860,Tissemsilt,DZ,Algeria,35.60722,1.81081,866,66084,Africa/Algiers,315.8,67.3,46.06,8.948676,0.7
374290,Hala'ib,EG,Egypt,22.22273,36.64679,4,27000,Africa/Cairo,315.8,67.3,79.74,10.3176,71.7
2492809,Kaïs,DZ,Algeria,35.49474,6.92492,933,32668,Africa/Algiers,315.6,67.5,51.66,9.080157,37.5
2503086,Bougzoul,DZ,Algeria,35.70558,2.84599,640,14095,Africa/Algiers,315.6,67.5,47.16,8.974217,17.4
78112,Marbāţ,YE,Yemen,14.20567,46.38811,1547,0,Asia/Aden,315.4,67.7,63.33,10.847402,55.5
110328,Ad Darb,SA,Saudi Arabia,17.72285,42.25261,73,5378,Asia/Riyadh,314.0,69.1,70.88,10.627117,65.8
109118,Al Mindak,SA,Saudi Arabia,20.1588,41.28337,2006,9218,Asia/Riyadh,313.5,69.7,73.22,10.524447,67.4
104269,Mislīyah,SA,Saudi Arabia,17.45988,42.5572,127,6117,Asia/Riyadh,313.1,70.0,70.33,10.643972,65.8
2479203,Lardjem,DZ,Algeria,35.74922,1.54778,552,30000,Africa/Algiers,312.8,70.3,45.75,8.942652,13.4
88903,Al Marj,LY,Libya,32.49257,20.82909,338,85315,Africa/Tripoli,312.8,70.3,68.26,9.533012,67.3
11670045,Sabt Alalayah,SA,Saudi Arabia,19.5773,41.96357,2800,100000,Asia/Riyadh,312.5,70.7,72.08,10.562291,66.8
2486690,M'Sila,DZ,Algeria,35.70889,4.53722,465,132975,Africa/Algiers,312.1,71.0,49.0,9.016959,32.8
7115828,Smala,DZ,Algeria,35.71652,0.75437,220,4000,Africa/Algiers,312.0,71.1,44.9,8.923825,5.6
2474638,Zemoura,DZ,Algeria,35.72251,0.75509,288,21770,Africa/Algiers,311.9,71.2,44.89,8.923838,6.3
2477461,Tébessa,DZ,Algeria,35.40417,8.12417,867,194461,Africa/Algiers,311.8,71.3,53.01,9.113286,45.1
109953,Al Bahah,SA,Saudi Arabia,20.01288,41.46767,2176,88419,Asia/Riyadh,311.6,71.5,72.92,10.534368,68.1
75133,Ḩarīb,YE,Yemen,14.93156,45.50356,1161,0,Asia/Aden,311.6,71.5,64.95,10.802456,60.6
2488616,Mehdia daira de meghila,DZ,Algeria,35.43058,1.75714,909,31396,Africa/Algiers,311.4,71.8,46.03,8.947093,20.6
2471700,Dar Ouled Khalifa,TN,Tunisia,35.35,8.61667,714,7703,Africa/Tunis,311.2,71.9,53.56,9.127218,46.9
2483668,Relizane,DZ,Algeria,35.73734,0.55599,98,123255,Africa/Algiers,311.1,72.0,44.68,8.919251,7.0
2487882,Merouana,DZ,Algeria,35.63106,5.91186,992,47646,Africa/Algiers,310.7,72.4,50.52,9.052776,39.4
74490,Ḩūth,YE,Yemen,16.23114,43.96854,1889,0,Asia/Aden,309.9,73.3,67.76,10.721567,65.5
79967,Al ‘Āqir,YE,Yemen,14.56816,45.91156,2,0,Asia/Aden,309.7,73.5,64.18,10.823958,60.6
2482183,Aziz,DZ,Algeria,35.82331,2.45154,895,12500,Africa/Algiers,309.2,74.0,46.71,8.964574,27.5
2470260,Djebeniana,TN,Tunisia,35.035,10.90809,35,7190,Africa/Tunis,309.1,74.0,56.2,9.194289,54.1
2487293,Mohammadia,DZ,Algeria,35.58861,0.06861,43,62410,Africa/Algiers,308.9,74.2,44.17,8.907546,11.5
2494548,Hammamet,DZ,Algeria,35.44862,7.95184,878,28536,Africa/Algiers,308.8,74.3,52.8,9.108386,47.3
2483968,Râs el Aïoun,DZ,Algeria,35.67384,5.6453,862,34167,Africa/Algiers,308.5,74.7,50.21,9.045721,41.0
2494065,Assi Bou Nif,DZ,Algeria,35.69222,-0.49944,121,53700,Africa/Algiers,308.3,74.8,43.55,8.894768,2.0
2468353,Gafsa,TN,Tunisia,34.425,8.78417,295,95242,Africa/Tunis,308.2,74.9,54.09,9.135429,51.4
2503874,Bir el Djir,DZ,Algeria,35.72,-0.545,162,68032,Africa/Algiers,308.2,75.0,43.5,8.893805,1.0
2480618,Sidi ech Chahmi,DZ,Algeria,35.65903,-0.52168,92,35512,Africa/Algiers,308.0,75.1,43.53,8.89417,5.7
2485926,Oran,DZ,Algeria,35.69906,-0.63588,118,803329,Africa/Algiers,307.9,75.2,43.4,8.89169,1.6
30616,Judaydah,YE,Yemen,15.07512,45.29962,1256,0,Asia/Aden,307.8,75.3,65.3,10.792723,63.7
2496059,Gdyel,DZ,Algeria,35.78111,-0.42581,143,32774,Africa/Algiers,307.8,75.4,43.62,8.896703,8.1
2497269,En Nedjma,DZ,Algeria,35.64785,-0.5695,90,51665,Africa/Algiers,307.6,75.5,43.48,8.893049,7.1
2487852,Mers el Kebir,DZ,Algeria,35.7279,-0.7081,22,20178,Africa/Algiers,307.6,75.5,43.32,8.890168,1.4
2508174,Aïn el Bya,DZ,Algeria,35.80389,-0.30178,63,37241,Africa/Algiers,307.5,75.6,43.75,8.899617,11.1
2497060,Es Senia,DZ,Algeria,35.64779,-0.62397,88,39064,Africa/Algiers,307.4,75.7,43.42,8.891812,7.3
104515,Makkah,SA,Saudi Arabia,21.42664,39.82563,333,1578722,Asia/Riyadh,307.4,75.7,75.52,10.441958,72.8
2508119,’Aïn el Turk,DZ,Algeria,35.74381,-0.7693,31,36326,Africa/Algiers,307.3,75.8,43.25,8.888833,3.0
2470120,Jilma,TN,Tunisia,35.27311,9.42385,364,5887,Africa/Tunis,307.2,75.9,54.48,9.15035,52.2
2507155,Ammi Moussa,DZ,Algeria,35.86781,1.11143,157,27530,Africa/Algiers,306.9,76.2,45.26,8.932592,24.2
2485636,Oued el Abtal,DZ,Algeria,35.45595,0.68778,259,22819,Africa/Algiers,306.5,76.7,44.86,8.921668,23.6
2476915,Theniet el Had,DZ,Algeria,35.87111,2.02806,1129,27628,Africa/Algiers,306.2,76.9,46.24,8.95428,29.9
2506385,Arzew,DZ,Algeria,35.85048,-0.318,10,58162,Africa/Algiers,305.9,77.2,43.72,8.899398,16.2
2479609,Sig,DZ,Algeria,35.52832,-0.19369,62,61373,Africa/Algiers,305.6,77.5,43.9,8.901319,19.2
13132695,Hebira,TN,Tunisia,35.16815,10.22933,140,3248,Africa/Tunis,305.3,77.8,55.4,9.17391,55.4
2473466,El Ksar,TN,Tunisia,34.3992,8.80399,284,33729,Africa/Tunis,305.1,78.0,54.12,9.136105,53.9
2476897,Tiaret,DZ,Algeria,35.37103,1.31699,1031,178915,Africa/Algiers,305.0,78.1,45.56,8.936318,29.8
7346082,Al Mashāf,YE,Yemen,16.85836,43.19781,359,0,Asia/Aden,305.0,78.1,69.15,10.680672,69.5
2464378,Moularès,TN,Tunisia,34.4888,8.26874,460,21431,Africa/Tunis,304.8,78.3,53.49,9.120389,52.9
2502239,Bou Tlelis,DZ,Algeria,35.57272,-0.8996,103,26144,Africa/Algiers,304.4,78.8,43.13,8.885334,16.4
64670,Bargaal,SO,Somalia,11.28636,51.0773,6,6798,Africa/Mogadishu,304.3,78.8,55.4,11.044234,124.3
77594,Al Ḩajab,YE,Yemen,14.85192,45.52904,2,0,Asia/Aden,304.0,79.1,64.87,10.80537,65.3
2491323,Ksar el Boukhari,DZ,Algeria,35.88889,2.74905,621,59634,Africa/Algiers,303.1,80.0,47.02,8.972017,37.0
2492920,Djidiouia,DZ,Algeria,35.92989,0.82871,70,31996,Africa/Algiers,302.7,80.5,44.94,8.926096,29.7
2487134,Mostaganem,DZ,Algeria,35.93115,0.08918,102,162885,Africa/Algiers,302.2,80.9,44.15,8.908923,26.6
2476700,Tighenif,DZ,Algeria,35.41722,0.32982,517,39938,Africa/Algiers,302.0,81.2,44.48,8.913088,29.5
2503826,Biskra,DZ,Algeria,34.85038,5.72805,115,204661,Africa/Algiers,302.0,81.2,50.54,9.049096,48.8
2498704,El Amria,DZ,Algeria,35.52439,-1.01577,101,26407,Africa/Algiers,301.7,81.4,43.01,8.882561,22.0
73125,Al Malāḩīţ,YE,Yemen,16.76848,43.27582,388,0,Asia/Aden,301.5,81.6,68.99,10.685625,71.3
2508262,’Aïn Boucif,DZ,Algeria,35.89123,3.1585,1123,11989,Africa/Algiers,301.3,81.8,47.46,8.982015,40.4
12513575,Ḩabūnā,SA,Saudi Arabia,17.84722,44.02081,1260,12738,Asia/Riyadh,300.4,82.7,68.54,10.673687,70.6
2485582,Oued Rhiou,DZ,Algeria,35.96124,0.91896,97,55430,Africa/Algiers,300.1,83.0,45.03,8.928278,33.6
8357700,Jayshān,YE,Yemen,14.25204,46.17905,1562,0,Asia/Aden,299.6,83.5,63.63,10.840618,66.9
2473742,Hencha,TN,Tunisia,35.12226,10.74219,53,7575,Africa/Tunis,299.6,83.5,55.98,9.189001,60.3
2473454,El Guetar,TN,Tunisia,34.33628,8.94964,241,14088,Africa/Tunis,299.4,83.7,54.31,9.140576,58.3
407024,Al ‘Ashshah,YE,Yemen,16.25652,43.85476,1197,0,Asia/Aden,299.4,83.7,67.93,10.717553,71.6
2490098,Mascara,DZ,Algeria,35.39664,0.14027,590,108629,Africa/Algiers,299.3,83.8,44.28,8.908587,32.6
2491335,Ksar Chellala,DZ,Algeria,35.21222,2.31889,842,51451,Africa/Algiers,299.3,83.8,46.68,8.960618,41.2
2481246,Sidi Aïssa,DZ,Algeria,35.88548,3.77236,662,66856,Africa/Algiers,298.6,84.5,48.12,8.997472,45.0
101973,Ash Shuqayrī,SA,Saudi Arabia,17.13109,42.82674,103,6069,Asia/Riyadh,298.3,84.8,69.8,10.661755,73.6
78699,Al Qaflah,YE,Yemen,16.31897,43.76792,1305,0,Asia/Aden,297.6,85.5,68.08,10.713247,72.8
410096,Ash Shafā,SA,Saudi Arabia,21.07268,40.31842,2231,72190,Asia/Riyadh,297.4,85.7,74.78,10.467771,76.8
2501525,Chellalat el Adhaouara,DZ,Algeria,35.93968,3.41588,980,26077,Africa/Algiers,294.3,88.8,47.73,8.988492,47.9
2474506,Zeribet el Oued,DZ,Algeria,34.68284,6.51109,47,23187,Africa/Algiers,293.4,89.7,51.46,9.070725,57.4
76147,Dhaybīn,YE,Yemen,15.97712,44.12917,1876,0,Asia/Aden,293.0,90.2,67.4,10.733738,74.7
2542898,Mdiq,MA,Morocco,35.68313,-5.32871,23,61398,Africa/Casablanca,292.7,90.5,38.42,8.792276,2.6
10955770,Cap Negro II,MA,Morocco,35.6597,-5.28525,7,10000,Africa/Casablanca,292.6,90.5,38.47,8.793008,5.3
2508180,’Aïn el Berd,DZ,Algeria,35.36395,-0.51279,483,16548,Africa/Algiers,292.6,90.5,43.57,8.893416,38.5
109417,Al Jumūm,SA,Saudi Arabia,21.61951,39.69659,208,22207,Asia/Riyadh,292.1,91.0,75.73,10.432198,80.2
2497714,El Malah,DZ,Algeria,35.39137,-1.09238,84,19415,Africa/Algiers,291.9,91.2,42.95,8.880415,37.0
2542987,Martil,MA,Morocco,35.61662,-5.27522,5,70274,Africa/Casablanca,291.9,91.2,38.48,8.792972,10.1
7931041,Al Ḩazm,YE,Yemen,14.68919,45.60962,1259,0,Asia/Aden,291.5,91.6,64.66,10.812571,72.7
2494554,Hammam Bou Hadjar,DZ,Algeria,35.37889,-0.96778,148,25912,Africa/Algiers,291.4,91.7,43.08,8.883175,38.1
2526159,Saddina,MA,Morocco,35.6141,-5.45191,313,0,Africa/Casablanca,291.4,91.7,38.29,8.789403,9.9
2508295,’Aïn Azel,DZ,Algeria,35.81846,5.51115,959,37970,Africa/Algiers,291.3,91.9,50.03,9.042051,55.4
2537368,Gueznaia,MA,Morocco,35.70211,-5.89044,40,25771,Africa/Casablanca,290.9,92.2,37.83,8.781447,1.5
2528910,Tétouan,MA,Morocco,35.57845,-5.36837,121,415810,Africa/Casablanca,290.6,92.5,38.38,8.7909,14.1
2572146,Boukhalef,MA,Morocco,35.7328,-5.89954,19,0,Africa/Casablanca,290.6,92.5,37.82,8.781454,4.9
2494073,Hassi Bahbah,DZ,Algeria,35.07109,3.0299,886,77000,Africa/Algiers,290.5,92.6,47.49,8.978298,51.5
2503033,Bou Hanifia el Hamamat,DZ,Algeria,35.31473,-0.05037,232,27576,Africa/Algiers,290.5,92.6,44.08,8.904031,42.4
2530335,Tangier,MA,Morocco,35.76727,-5.79975,20,1035141,Africa/Casablanca,290.4,92.7,37.93,8.783575,8.4
2479916,Sidi Okba,DZ,Algeria,34.74512,5.89833,53,29499,Africa/Algiers,290.1,93.0,50.76,9.053878,58.3
2571932,Azla,MA,Morocco,35.55303,-5.24472,9,22985,Africa/Casablanca,290.0,93.1,38.51,8.79323,17.3
2548818,Fnidek,MA,Morocco,35.84906,-5.35747,21,84558,Africa/Casablanca,289.8,93.3,38.39,8.792627,15.9
2502924,Boukadir,DZ,Algeria,36.06629,1.12602,79,28652,Africa/Algiers,289.1,94.0,45.24,8.933384,46.3
2489279,Draa Klalouche,DZ,Algeria,35.79234,5.97706,875,5000,Africa/Algiers,288.9,94.2,50.54,9.054344,58.0
13645279,Dhahabān,SA,Saudi Arabia,18.09976,41.61605,8,9436,Asia/Riyadh,288.9,94.3,71.93,10.596953,79.8
7341563,Al Ḩarjah,YE,Yemen,15.48869,44.66573,1708,0,Asia/Aden,288.8,94.3,66.39,10.763228,75.9
8259951,Principe,ES,Spain,35.87924,-5.34695,88,12000,Europe/Madrid,288.6,94.5,38.4,8.792983,19.3
2482447,Salah Bey,DZ,Algeria,35.85451,5.29053,976,23339,Africa/Algiers,288.5,94.6,49.78,9.036266,56.9
2552886,Dar Chaoui,MA,Morocco,35.5377,-5.71742,112,1401,Africa/Casablanca,288.4,94.7,38.02,8.783849,17.4
6362987,Ceuta,ES,Spain,35.88919,-5.32042,22,83179,Europe/Madrid,288.3,94.9,38.43,8.793575,20.3
2479247,Sougueur,DZ,Algeria,35.18568,1.49612,1133,71036,Africa/Algiers,288.2,94.9,45.79,8.94032,49.4
2552975,Ben Qarrich,MA,Morocco,35.5109,-5.42047,259,7021,Africa/Casablanca,287.8,95.3,38.33,8.789471,21.4
359169,Banī ‘Ubayd,EG,Egypt,27.95243,30.78082,48,46060,Africa/Cairo,287.7,95.4,79.74,9.963898,84.5
73365,Al Madīd,YE,Yemen,15.64453,44.47337,2091,0,Asia/Aden,287.3,95.8,66.74,10.753315,77.1
107117,Ḑamad,SA,Saudi Arabia,17.10426,42.78155,81,26079,Asia/Riyadh,287.3,95.8,69.85,10.66128,79.1
2521029,Benzú,ES,Spain,35.91653,-5.37293,3,1987,Europe/Madrid,286.6,96.5,38.37,8.792706,23.5
2487805,Meskiana,DZ,Algeria,35.63058,7.66606,850,30071,Africa/Algiers,286.3,96.8,52.43,9.100063,63.0
2503654,Bordj Ghdir,DZ,Algeria,35.90111,4.89806,1088,34136,Africa/Algiers,286.1,97.1,49.34,9.026053,57.7
12718691,Karia,MA,Morocco,35.4665,-5.79715,45,1191,Africa/Casablanca,284.8,98.3,37.93,8.781919,25.1
362277,Abū Qurqāş,EG,Egypt,27.93043,30.83826,54,90266,Africa/Cairo,284.8,98.3,79.77,9.966394,85.6
2540698,Oued Laou,MA,Morocco,35.4484,-5.09627,20,10553,Africa/Casablanca,284.6,98.5,38.67,8.795616,29.4
2557055,Asilah,MA,Morocco,35.46522,-6.03415,17,34011,Africa/Casablanca,284.5,98.6,37.69,8.777331,24.3
2485572,Oued Sly,DZ,Algeria,36.10124,1.19949,90,30504,Africa/Algiers,284.4,98.7,45.31,8.935188,50.6
2473257,Ar Rudayyif,TN,Tunisia,34.3827,8.15549,569,26976,Africa/Tunis,284.3,98.8,53.4,9.117509,66.3
2585234,Hajeb el Aïoun,TN,Tunisia,35.39564,9.5438,353,10631,Africa/Tunis,283.7,99.5,54.56,9.153273,67.7
34724,Bidbadah,YE,Yemen,15.425,44.7,2099,0,Asia/Aden,283.4,99.7,66.31,10.766139,78.6
7870038,Nasrallah,TN,Tunisia,35.35609,9.83071,153,5012,Africa/Tunis,283.0,100.1,54.89,9.161642,68.5
2525973,Zinat,MA,Morocco,35.43,-5.4,332,0,Africa/Casablanca,283.0,100.2,38.35,8.789417,30.5
108198,Ash-Shaqīq,SA,Saudi Arabia,17.7219,42.0255,13,4275,Asia/Riyadh,282.7,100.4,71.19,10.620529,82.0
2480960,Sidi Ben Adda,DZ,Algeria,35.30586,-1.18136,252,11695,Africa/Algiers,282.6,100.6,42.86,8.878093,46.7
2489987,Mazouna,DZ,Algeria,36.12232,0.89865,342,22366,Africa/Algiers,282.5,100.6,44.98,8.928114,51.4
2469321,Melloulèche,TN,Tunisia,35.16617,11.03504,2,6948,Africa/Tunis,282.0,101.2,56.28,9.197311,70.8
2571059,Tizgane,MA,Morocco,35.41211,-5.06836,9,0,Africa/Casablanca,281.9,101.2,38.7,8.795985,33.5
2507901,Aïn Temouchent,DZ,Algeria,35.29749,-1.14037,240,70810,Africa/Algiers,281.8,101.3,42.9,8.878994,47.5
2488202,Melouza,DZ,Algeria,35.97999,4.18665,936,25701,Africa/Algiers,281.7,101.5,48.55,9.007901,59.3
2504581,Beni Saf,DZ,Algeria,35.30099,-1.38226,35,39749,Africa/Algiers,280.9,102.3,42.64,8.873615,47.6
2470384,Houmt Souk,TN,Tunisia,33.87576,10.85745,5,89228,Africa/Tunis,280.2,102.9,56.64,9.199271,72.7
2470789,Haïdra,TN,Tunisia,35.56626,8.44412,840,3451,Africa/Tunis,280.1,103.0,53.3,9.121691,67.8
2473517,Metlaoui,TN,Tunisia,34.32081,8.40157,223,39021,Africa/Tunis,280.0,103.2,53.7,9.124851,69.2
2466897,Chorbane,TN,Tunisia,35.28581,10.3858,110,5710,Africa/Tunis,279.5,103.6,55.52,9.177877,71.1
2481639,Sfizef,DZ,Algeria,35.23464,-0.24435,551,27914,Africa/Algiers,279.5,103.6,43.88,8.899238,52.0
2464770,Tamaghzah,TN,Tunisia,34.38849,7.94313,304,2750,Africa/Tunis,278.8,104.3,53.16,9.111502,69.0
2510599,Tarifa,ES,Spain,36.01393,-5.60695,22,18169,Europe/Madrid,278.5,104.6,38.12,8.788709,35.1
2526968,Tnine Sidi Lyamani,MA,Morocco,35.36929,-5.97242,197,1155,Africa/Casablanca,277.8,105.3,37.75,8.777933,35.2
2473578,M’dhilla,TN,Tunisia,34.25101,8.74704,334,12814,Africa/Tunis,277.4,105.7,54.11,9.135046,71.1
2483936,Râs el Oued,DZ,Algeria,35.9441,5.03107,1102,44947,Africa/Algiers,276.9,106.2,49.47,9.029467,63.9
2504589,Barbouche,DZ,Algeria,36.10589,2.48185,731,4897,Africa/Algiers,276.9,106.2,46.68,8.965727,59.1
2507979,Aïn Oulmene,DZ,Algeria,35.92296,5.29604,927,51207,Africa/Algiers,276.8,106.3,49.76,9.03638,64.5
2508010,’Aïn Merane,DZ,Algeria,36.16277,0.97037,504,34413,Africa/Algiers,276.4,106.7,45.05,8.929845,56.2
2484738,Oumache,DZ,Algeria,34.69292,5.68092,54,10424,Africa/Algiers,276.1,107.0,50.53,9.048072,66.7
2475612,Tolga,DZ,Algeria,34.72224,5.37845,161,50575,Africa/Algiers,274.6,108.5,50.18,9.039855,67.1
2498611,Chlef,DZ,Algeria,36.16525,1.33452,116,178616,Africa/Algiers,274.5,108.6,45.44,8.938503,58.4
2513947,Melilla,ES,Spain,35.29369,-2.93833,14,85985,Africa/Ceuta,273.5,109.6,40.97,8.839483,49.8
2473551,El Mgarsa,TN,Tunisia,33.81682,10.9923,7,63528,Africa/Tunis,273.0,110.1,56.81,9.20369,76.4
2464795,Thala,TN,Tunisia,35.57244,8.67031,962,18230,Africa/Tunis,272.5,110.6,53.54,9.127937,72.2
30543,Al Ghaylah,YE,Yemen,14.59583,45.58333,1754,0,Asia/Aden,272.4,110.7,64.63,10.814757,82.3
2508130,’Aïn el Melh,DZ,Algeria,34.84146,4.16383,930,32880,Africa/Algiers,271.6,111.6,48.8,9.00741,66.8
100399,Az̧ Z̧abyah,SA,Saudi Arabia,17.11788,42.66694,44,11287,Asia/Riyadh,271.1,112.0,70.01,10.657575,86.1
2563695,Had Beni Chiker,MA,Morocco,35.27652,-3.01452,208,4852,Africa/Casablanca,271.1,112.0,40.89,8.837731,51.7
2468925,Midoun,TN,Tunisia,33.80813,10.99228,15,32000,Africa/Tunis,270.9,112.2,56.82,9.20374,77.3
102651,Şabyā,SA,Saudi Arabia,17.1495,42.62537,36,228375,Asia/Riyadh,270.3,112.8,70.08,10.655414,86.5
2481007,Sidi Bel Abbes,DZ,Algeria,35.18994,-0.63085,492,210146,Africa/Algiers,270.2,113.0,43.47,8.890212,58.2
2485618,Oued Fodda,DZ,Algeria,36.18503,1.53299,168,44523,Africa/Algiers,270.1,113.0,45.65,8.943224,61.7
2498954,Ech Chettia,DZ,Algeria,36.19591,1.25537,140,60170,Africa/Algiers,269.8,113.3,45.35,8.936697,61.4
110619,Abū ‘Arīsh,SA,Saudi Arabia,16.96887,42.83251,69,69632,Asia/Riyadh,269.6,113.5,69.7,10.666874,86.6
2500904,Dar Chioukh,DZ,Algeria,34.89638,3.48543,1094,26605,Africa/Algiers,269.2,113.9,48.03,8.989801,67.0
2555882,Beni Enzar,MA,Morocco,35.26,-2.93,9,61786,Africa/Casablanca,269.1,114.1,40.98,8.839524,53.6
2508670,Aghlal,DZ,Algeria,35.20111,-1.06958,490,7146,Africa/Algiers,268.9,114.2,42.99,8.880231,58.1
2508030,Aïn Lechiakh,DZ,Algeria,36.15848,2.40514,470,13745,Africa/Algiers,268.5,114.6,46.59,8.964005,64.3
2587782,Menzel M’heri,TN,Tunisia,35.42031,9.84899,160,3870,Africa/Tunis,268.4,114.7,54.88,9.161891,75.8
2504099,Berrouaghia,DZ,Algeria,36.13516,2.91085,946,55775,Africa/Algiers,268.0,115.1,47.14,8.976186,65.5
73861,Khamir,YE,Yemen,15.98792,43.95362,2465,0,Asia/Aden,268.0,115.1,67.64,10.728631,86.5
2473738,Erriadh,TN,Tunisia,33.82063,10.85394,11,14426,Africa/Tunis,267.2,115.9,56.66,9.199491,78.8
2522013,Algeciras,ES,Spain,36.13326,-5.45051,29,121414,Europe/Madrid,267.2,115.9,38.28,8.792417,47.8
404914,Al Ḩayfah,YE,Yemen,15.73494,44.23788,2415,0,Asia/Aden,266.6,116.5,67.11,10.744162,86.7
2465108,Sidi Amor Bou Hajela,TN,Tunisia,35.39742,10.0477,116,7828,Africa/Tunis,266.5,116.6,55.11,9.167669,77.0
2467506,Sbiba,TN,Tunisia,35.54332,9.0737,637,6504,Africa/Tunis,266.5,116.6,53.99,9.139389,75.7
2537611,Sebt Bni Garfett,MA,Morocco,35.25796,-5.83334,154,11311,Africa/Casablanca,266.4,116.7,37.9,8.780028,48.1
2544367,Khemis Sahel,MA,Morocco,35.25344,-6.0796,180,6816,Africa/Casablanca,266.1,117.0,37.64,8.775213,47.6
2558545,Al Hoceïma,MA,Morocco,35.25165,-3.93723,74,395644,Africa/Casablanca,265.7,117.4,39.91,8.81821,53.7
2464179,Wadhraf,TN,Tunisia,33.98332,9.97044,27,9932,Africa/Tunis,265.5,117.6,55.59,9.172167,78.4
80635,Mukhaylá,LY,Libya,32.16005,22.27845,200,1764,Africa/Tripoli,265.2,117.9,69.93,9.586637,89.0
2496232,Frenda,DZ,Algeria,35.06544,1.04945,1058,49376,Africa/Algiers,264.8,118.4,45.32,8.92933,65.2
2509369,Zahara de los Atunes,ES,Spain,36.1369,-5.84591,4,1200,Europe/Madrid,264.0,119.1,37.87,8.784839,49.6
2473654,El Jem,TN,Tunisia,35.3,10.71667,112,21544,Africa/Tunis,263.6,119.5,55.87,9.187359,79.1
70910,Shahārat al Ghīs,YE,Yemen,16.18411,43.70228,2518,0,Asia/Aden,263.6,119.5,68.09,10.715674,88.6
2527645,Tirhanimîne,MA,Morocco,35.23619,-3.95453,209,55827,Africa/Casablanca,263.5,119.6,39.89,8.817744,55.4
2515812,La Línea de la Concepción,ES,Spain,36.16809,-5.34777,4,64595,Europe/Madrid,263.5,119.7,38.39,8.794614,51.4
2467077,Chebika,TN,Tunisia,34.31909,7.93519,116,1820,Africa/Tunis,263.3,119.8,53.17,9.111553,76.8
2473229,Chebba,TN,Tunisia,35.23722,11.115,3,22227,Africa/Tunis,262.2,120.9,56.33,9.199265,80.1
2498590,El Attaf,DZ,Algeria,36.22393,1.67187,158,33349,Africa/Algiers,262.1,121.0,45.79,8.9466,66.9
407014,Al Madān,YE,Yemen,16.22413,43.64383,2112,0,Asia/Aden,261.1,122.0,68.19,10.712773,89.5
2473531,Métouia,TN,Tunisia,33.95918,9.99619,27,20648,Africa/Tunis,260.7,122.5,55.63,9.173056,80.6
2514824,Los Barrios,ES,Spain,36.18482,-5.49213,23,23513,Europe/Madrid,260.2,122.9,38.24,8.791909,53.7
2464020,Souassi,TN,Tunisia,35.34325,10.54745,51,5381,Africa/Tunis,259.9,123.3,55.67,9.182276,80.5
6544437,Guadacorte,ES,Spain,36.19283,-5.4307,1,1113,Europe/Madrid,259.5,123.6,38.3,8.793149,54.4
2498766,El Achir,DZ,Algeria,36.06386,4.62744,998,158333,Africa/Algiers,259.4,123.7,49.0,9.019104,72.9
7931038,Al Shirūj,YE,Yemen,14.68526,47.76926,1011,0,Asia/Aden,259.4,123.7,61.81,10.867974,84.7
2471012,Rhennouch,TN,Tunisia,33.94055,10.06439,18,28051,Africa/Tunis,259.1,124.0,55.71,9.175181,81.3
89053,Qaryat al Bayyāḑah,LY,Libya,32.56501,21.25415,370,5538,Africa/Tripoli,258.6,124.5,68.62,9.546049,90.5
2550079,Jebha,MA,Morocco,35.20549,-4.66524,14,4102,Africa/Casablanca,258.5,124.6,39.13,8.803048,57.5
2543549,Larache,MA,Morocco,35.19321,-6.15572,38,136505,Africa/Casablanca,258.5,124.6,37.56,8.773441,54.0
2508287,Aïn Beïda,DZ,Algeria,35.79639,7.39278,1008,116064,Africa/Algiers,258.4,124.8,52.07,9.092204,77.2
2511239,San Roque,ES,Spain,36.20983,-5.38452,116,29249,Europe/Madrid,257.4,125.8,38.35,8.79411,56.1
2558766,Ajdir,MA,Morocco,35.19537,-3.91166,115,5802,Africa/Casablanca,257.3,125.8,39.94,8.818473,60.0
2490180,Mansourah,DZ,Algeria,36.08725,4.45192,667,22117,Africa/Algiers,257.3,125.8,48.81,9.014713,73.7
63081,Caluula,SO,Somalia,11.96611,50.75694,4,6100,Africa/Mogadishu,256.9,126.2,56.25,11.017813,89.4
2479161,Sour el Ghozlane,DZ,Algeria,36.14766,3.69123,884,43985,Africa/Algiers,255.9,127.2,47.97,8.995523,73.3
2521335,Barbate,ES,Spain,36.19237,-5.92186,18,22551,Europe/Madrid,255.8,127.3,37.79,8.783716,56.0
2503701,Bordj Bou Arreridj,DZ,Algeria,36.07389,4.76139,906,158812,Africa/Algiers,254.7,128.4,49.15,9.022548,75.4
7870034,Jedelienne,TN,Tunisia,35.59316,9.05987,622,4352,Africa/Tunis,254.7,128.4,53.96,9.138829,80.9
2541479,Nador,MA,Morocco,35.16813,-2.93352,19,176600,Africa/Casablanca,254.6,128.5,40.99,8.839071,63.8
80105,Aḩwar,YE,Yemen,13.52019,46.71367,36,0,Asia/Aden,254.6,128.5,62.47,10.875938,87.7
2470028,Kalaat Khasba,TN,Tunisia,35.66259,8.58577,676,2558,Africa/Tunis,253.9,129.2,53.42,9.125365,80.6
8559176,Douar Sidi Bouafif,MA,Morocco,35.17244,-3.86732,26,3658,Africa/Casablanca,253.5,129.6,39.99,8.819316,62.6
360686,Minya,EG,Egypt,28.09193,30.75813,52,283605,Africa/Cairo,253.4,129.7,79.59,9.959693,96.1
2553455,Chefchaouen,MA,Morocco,35.16878,-5.2636,607,46721,Africa/Casablanca,253.4,129.8,38.5,8.790663,59.9
76930,As Sūq al Jadīd,YE,Yemen,15.82496,44.06204,2190,0,Asia/Aden,253.0,130.1,67.4,10.736555,92.1
2498782,El Abadia,DZ,Algeria,36.26951,1.68609,177,27185,Africa/Algiers,252.8,130.3,45.8,8.947022,72.0
12718683,Bouizazarene Ihaddadene,MA,Morocco,35.15779,-2.97377,41,14326,Africa/Casablanca,252.6,130.5,40.94,8.838159,64.9
2537538,Zeghanghane,MA,Morocco,35.15561,-3.00236,99,37154,Africa/Casablanca,252.2,130.9,40.91,8.837521,65.2
404915,Bayt Marrān,YE,Yemen,15.69312,44.2053,2473,0,Asia/Aden,251.6,131.5,67.13,10.744545,92.5
2508228,Aïn Defla,DZ,Algeria,36.26405,1.9679,264,55259,Africa/Algiers,251.4,131.8,46.1,8.953704,73.1
2538392,Ras Kebdana,MA,Morocco,35.14069,-2.42455,5,8277,Africa/Casablanca,251.3,131.8,41.53,8.849991,66.7
2554997,Boudinar,MA,Morocco,35.15601,-3.62358,239,0,Africa/Casablanca,251.0,132.1,40.25,8.824292,64.7
2491911,Khemis Miliana,DZ,Algeria,36.26104,2.22015,299,80512,Africa/Algiers,249.4,133.7,46.37,8.959739,74.4
2550898,Imzouren,MA,Morocco,35.14637,-3.85063,77,40000,Africa/Casablanca,249.0,134.2,40.0,8.819533,65.5
409682,Thuwal,SA,Saudi Arabia,22.28272,39.11245,6,26957,Asia/Riyadh,248.8,134.3,76.58,10.394324,96.6
2471944,Bou Chemma,TN,Tunisia,33.90248,10.05976,41,12182,Africa/Tunis,248.4,134.7,55.72,9.175238,85.5
2537965,Rouadi,MA,Morocco,35.14119,-4.13631,399,0,Africa/Casablanca,247.9,135.2,39.7,8.813483,65.7
2530188,Taouima,MA,Morocco,35.1299,-2.9279,17,0,Africa/Casablanca,247.5,135.6,40.99,8.839037,68.0
408970,Maswarah,YE,Yemen,14.34399,45.72623,1926,0,Asia/Aden,246.8,136.3,64.29,10.82611,92.4
2484620,Oum el Bouaghi,DZ,Algeria,35.87541,7.11353,925,67201,Africa/Algiers,246.6,136.5,51.75,9.084519,81.9
71558,Raydah,YE,Yemen,15.81421,44.04085,2190,0,Asia/Aden,246.2,136.9,67.42,10.736297,94.5
2508059,Aïn Kercha,DZ,Algeria,35.92472,6.69528,819,30575,Africa/Algiers,246.0,137.1,51.28,9.073248,81.7
2509783,Vejer de la Frontera,ES,Spain,36.25213,-5.96717,185,12973,Europe/Madrid,246.0,137.2,37.75,8.783168,62.9
2544656,Dar Kebdani,MA,Morocco,35.12237,-3.33148,319,3939,Africa/Casablanca,245.2,137.9,40.56,8.8303,68.7
2496042,Ghazaouet,DZ,Algeria,35.09579,-1.85772,5,28433,Africa/Algiers,245.1,138.1,42.15,8.862315,71.2
2504385,Bensekrane,DZ,Algeria,35.07465,-1.22431,244,21283,Africa/Algiers,244.6,138.5,42.84,8.876398,72.5
12640359,Al-Minyā al-Jadīdah,EG,Egypt,28.08639,30.81464,128,17470,Africa/Cairo,244.5,138.6,79.6,9.961744,98.7
7931042,Al Aqţa‘,YE,Yemen,14.66217,45.35123,2066,0,Asia/Aden,244.4,138.7,64.98,10.806662,93.7
2468369,Gabès,TN,Tunisia,33.88146,10.0982,9,110075,Africa/Tunis,244.4,138.7,55.78,9.176501,87.1
2481389,Sidi Abdelli,DZ,Algeria,35.06937,-1.13706,465,23543,Africa/Algiers,244.2,139.0,42.93,8.878303,72.9
34827,Şuwayr,YE,Yemen,16.1818,43.60986,1269,0,Asia/Aden,243.9,139.2,68.22,10.713013,95.4
2544815,Kariat Arkmane,MA,Morocco,35.1071,-2.74693,3,5882,Africa/Casablanca,243.6,139.6,41.19,8.842854,70.6
11092343,Korouna,MA,Morocco,35.11628,-3.64215,316,2822,Africa/Casablanca,243.5,139.6,40.23,8.823706,69.1
2552306,Derdara,MA,Morocco,35.11041,-5.29015,413,0,Africa/Casablanca,243.3,139.8,38.47,8.789882,66.4
2484242,Ouzera,DZ,Algeria,36.25417,2.84722,916,12650,Africa/Algiers,243.2,140.0,47.04,8.974776,78.2
11809041,San Enrique de Guadiaro,ES,Spain,36.30475,-5.29095,27,1051,Europe/Madrid,242.4,140.8,38.44,8.79649,66.4
2488835,Médéa,DZ,Algeria,36.26417,2.75393,910,145441,Africa/Algiers,242.0,141.1,46.94,8.972515,78.6
12513572,Al Mash‘ilīyah,SA,Saudi Arabia,17.75558,44.468,1134,23252,Asia/Riyadh,241.8,141.3,67.9,10.688832,95.2
11204409,Chehimet Nord,TN,Tunisia,35.43405,10.39448,44,5120,Africa/Tunis,241.7,141.5,55.47,9.177451,87.4
10958491,Bni Bouayach,MA,Morocco,35.10506,-3.84028,118,19951,Africa/Casablanca,241.0,142.1,40.02,8.819552,70.1
2473811,El Bahira,TN,Tunisia,35.33333,11.0,7,7412,Africa/Tunis,241.0,142.1,56.16,9.195421,88.3
410084,Al Hadā,SA,Saudi Arabia,21.35903,40.2803,1961,6885,Asia/Riyadh,240.8,142.3,74.9,10.457959,98.1
2519289,Conil de la Frontera,ES,Spain,36.27719,-6.0885,42,22427,Europe/Madrid,240.4,142.7,37.62,8.781061,66.1
2483649,Remchi,DZ,Algeria,35.06196,-1.43362,209,31837,Africa/Algiers,240.4,142.7,42.61,8.871639,74.3
2537802,Saidia,MA,Morocco,35.08195,-2.22897,4,9587,Africa/Casablanca,240.3,142.9,41.75,8.854058,73.1
2499095,Draâ Esmar,DZ,Algeria,36.27354,2.71695,880,7465,Africa/Algiers,240.2,142.9,46.9,8.971634,79.3
13132709,Chenini Nahal,TN,Tunisia,33.87223,10.05521,30,17248,Africa/Tunis,239.2,144.0,55.73,9.175265,88.9
64013,Bosaso,SO,Somalia,11.28421,49.18158,12,74287,Africa/Mogadishu,238.7,144.4,57.81,11.001354,90.5
2473264,Rohia,TN,Tunisia,35.65129,9.05306,627,4231,Africa/Tunis,238.7,144.4,53.93,9.138435,87.1
2487444,Miliana,DZ,Algeria,36.30554,2.2248,723,43366,Africa/Algiers,238.6,144.5,46.37,8.959819,79.4
2519763,Castellar de la Frontera,ES,Spain,36.31736,-5.45407,220,3013,Europe/Madrid,238.6,144.5,38.27,8.793358,68.3
2550749,Laouamra,MA,Morocco,35.06938,-6.08835,37,8509,Africa/Casablanca,238.0,145.2,37.63,8.774055,68.0
104923,Khulayş,SA,Saudi Arabia,22.15553,39.32015,67,20139,Asia/Riyadh,237.7,145.4,76.3,10.40455,99.8
2537469,Selouane,MA,Morocco,35.07313,-2.9423,80,23553,Africa/Casablanca,235.7,147.4,40.98,8.838482,74.3
2473937,Ajim,TN,Tunisia,33.72638,10.75664,5,24294,Africa/Tunis,235.1,148.1,56.59,9.197118,91.0
81615,Sulţān,LY,Libya,31.09396,20.22329,11,3672,Africa/Tripoli,234.8,148.3,68.69,9.533868,98.2
2532542,Senada,MA,Morocco,35.07452,-4.21583,290,0,Africa/Casablanca,234.7,148.4,39.62,8.811556,73.0
107968,Ta’if,SA,Saudi Arabia,21.27028,40.41583,1672,688693,Asia/Riyadh,234.5,148.6,74.7,10.464725,100.0
2464860,Teboulbou,TN,Tunisia,33.8455,10.11423,39,16931,Africa/Tunis,234.1,149.0,55.81,9.177164,90.7
2530814,Tamassint,MA,Morocco,35.07203,-3.96118,300,1999,Africa/Casablanca,234.1,149.0,39.89,8.81683,73.7
2556377,Bab Taza,MA,Morocco,35.06166,-5.19828,864,6448,Africa/Casablanca,233.6,149.5,38.57,8.791345,72.1
2468328,Kalaat es Senam,TN,Tunisia,35.76819,8.34234,656,8145,Africa/Tunis,233.4,149.8,53.11,9.11832,88.3
407096,Ḩabūr,YE,Yemen,16.05097,43.70699,1764,0,Asia/Aden,232.3,150.8,68.01,10.719772,99.2
2472247,Bou Attouche,TN,Tunisia,33.89927,9.78496,55,2700,Africa/Tunis,232.1,151.0,55.41,9.167091,91.0
69640,Washḩah,YE,Yemen,16.30774,43.41066,1514,0,Asia/Aden,232.0,151.2,68.56,10.703617,99.4
2465138,Sidi Alouane,TN,Tunisia,35.37505,10.93899,58,7610,Africa/Tunis,231.1,152.0,56.08,9.193429,91.6
8308730,Aţ Ţalḩ,YE,Yemen,15.156,47.39903,1398,0,Asia/Aden,230.9,152.3,62.58,10.844715,96.0
2473747,El Hamma,TN,Tunisia,33.89152,9.79629,64,47000,Africa/Tunis,230.2,152.9,55.43,9.167464,91.7
6544409,Benalup-Casas Viejas,ES,Spain,36.34375,-5.8128,116,6754,Europe/Madrid,230.0,153.1,37.9,8.786669,72.5
13645278,Khubāsh,SA,Saudi Arabia,17.55627,44.748,1098,7182,Asia/Riyadh,229.1,154.1,67.42,10.702565,99.1
2514199,Manilva,ES,Spain,36.37645,-5.25026,132,13813,Europe/Madrid,228.2,154.9,38.48,8.797662,74.2
2555504,Ben Taieb,MA,Morocco,35.04427,-3.45418,414,15568,Africa/Casablanca,228.2,154.9,40.43,8.827338,77.3
84244,Qandūlah,LY,Libya,32.53798,21.57525,616,7760,Africa/Tripoli,227.6,155.5,68.96,9.557101,99.9
11703548,Sidi Senoussi سيدي سنوسي,DZ,Algeria,34.99691,-1.09449,589,7500,Africa/Algiers,227.4,155.7,42.99,8.879021,80.8
7364546,Al ‘Amūd,YE,Yemen,14.72103,45.20676,1661,0,Asia/Aden,227.2,155.9,65.21,10.800989,99.4
2486284,Nedroma,DZ,Algeria,35.01361,-1.74799,355,27742,Africa/Algiers,226.9,156.2,42.28,8.864389,80.2
2508102,Aïn Fakroun,DZ,Algeria,35.97108,6.87374,953,48804,Africa/Algiers,226.8,156.3,51.46,9.077909,89.2
2473883,El Ala,TN,Tunisia,35.61384,9.56256,463,3276,Africa/Tunis,226.6,156.5,54.49,9.152924,91.8
77772,As Sūdah,YE,Yemen,15.95861,43.78083,2035,0,Asia/Aden,224.7,158.4,67.86,10.724675,101.4
2549102,Bni Hadifa,MA,Morocco,35.02251,-4.14009,875,2370,Africa/Casablanca,222.9,160.2,39.7,8.812728,78.9
2543231,Madagh,MA,Morocco,35.01032,-2.33701,76,2677,Africa/Casablanca,222.8,160.3,41.64,8.851402,81.2
2544001,Ksar El Kebir,MA,Morocco,35.00044,-5.90378,18,138262,Africa/Casablanca,222.6,160.5,37.83,8.77728,76.4
7364022,Raḩabah,YE,Yemen,14.8953,44.98893,1473,0,Asia/Aden,222.4,160.7,65.61,10.789878,101.0
64412,Bereeda,SO,Somalia,11.87037,51.05795,10,11262,Africa/Mogadishu,221.9,161.2,55.81,11.027248,117.6
2509031,Abou el Hassan,DZ,Algeria,36.41657,1.19616,189,24022,Africa/Algiers,221.0,162.2,45.25,8.935795,85.6
2498667,El Aouinet,DZ,Algeria,35.86691,7.88673,653,32971,Africa/Algiers,220.9,162.3,52.59,9.10556,92.2
2542013,Al Aaroui,MA,Morocco,35.0109,-3.00938,177,51976,Africa/Casablanca,220.7,162.5,40.91,8.836762,81.2
72557,Mūdīyah,YE,Yemen,13.9284,46.08254,843,0,Asia/Aden,220.6,162.6,63.56,10.847697,100.5
110060,Al ‘Aqīq,SA,Saudi Arabia,20.27358,41.66434,1560,19269,Asia/Riyadh,220.0,163.1,72.74,10.532206,103.4
2508225,’Aïn Deheb,DZ,Algeria,34.84218,1.54697,1081,36146,Africa/Algiers,219.5,163.6,45.9,8.941079,87.2
2531927,Tafersit,MA,Morocco,35.00857,-3.54088,477,3425,Africa/Casablanca,219.3,163.8,40.34,8.825331,81.2
7870035,Rouhia,TN,Tunisia,35.69778,9.14561,774,4688,Africa/Tunis,219.2,163.9,54.01,9.140831,93.7
56505,Iskushuban,SO,Somalia,10.2837,50.23,278,5759,Africa/Mogadishu,218.7,164.4,55.8,11.053745,154.5
2554130,Boureït,MA,Morocco,34.99827,-4.89297,1237,5434,Africa/Casablanca,218.4,164.7,38.89,8.797075,80.0
2467341,Salakta,TN,Tunisia,35.39444,11.04361,8,3477,Africa/Tunis,218.0,165.1,56.18,9.196371,95.8
2508268,Aïn Bessem,DZ,Algeria,36.29333,3.67319,677,32548,Africa/Algiers,217.7,165.4,47.92,8.995221,89.3
73325,Al Māfūd,YE,Yemen,15.34264,47.25217,1054,0,Asia/Aden,217.6,165.5,62.88,10.835372,100.4
2517816,Estepona,ES,Spain,36.42764,-5.14589,69,67012,Europe/Madrid,217.2,165.9,38.59,8.799997,79.6
2508002,Aïn M’Lila,DZ,Algeria,36.03687,6.57219,775,65371,Africa/Algiers,216.3,166.8,51.11,9.069816,92.4
353802,Kom Ombo,EG,Egypt,24.47669,32.94626,108,409311,Africa/Cairo,216.3,166.8,82.61,10.129007,106.6
2494535,Hammam Righa,DZ,Algeria,36.37972,2.39889,495,8488,Africa/Algiers,215.4,167.7,46.54,8.964182,88.8
2472119,Bou Merdès,TN,Tunisia,35.45716,10.72809,76,4327,Africa/Tunis,215.1,168.0,55.82,9.186927,96.3
2470800,Haffouz,TN,Tunisia,35.63235,9.67624,284,8472,Africa/Tunis,214.0,169.1,54.61,9.156101,95.8
13132698,Amiret El Fhoul,TN,Tunisia,35.44446,10.82765,80,5255,Africa/Tunis,213.4,169.7,55.93,9.189859,96.9
7838650,Djebilet Rosfa,DZ,Algeria,34.86375,0.83496,905,4930,Africa/Algiers,213.3,169.9,45.11,8.923842,88.7
2553694,Brikcha,MA,Morocco,34.96732,-5.57295,307,1274,Africa/Casablanca,212.9,170.2,38.18,8.783541,81.3
83861,Qaşr Lībiyā,LY,Libya,32.63333,21.41667,436,5975,Africa/Tripoli,212.9,170.2,68.73,9.550391,103.6
2493918,Hennaya,DZ,Algeria,34.95139,-1.36806,430,26515,Africa/Algiers,212.6,170.5,42.69,8.872712,86.5
60149,El Dibir,SO,Somalia,11.76667,51.21667,48,200000,Africa/Mogadishu,212.4,170.7,55.54,11.03371,133.1
2467856,Ksour Essaf,TN,Tunisia,35.41808,10.99475,9,37683,Africa/Tunis,212.4,170.7,56.12,9.194835,97.3
2516315,Jimena de la Frontera,ES,Spain,36.43517,-5.45387,149,6681,Europe/Madrid,212.3,170.8,38.27,8.794067,81.4
13132702,Kerker,TN,Tunisia,35.4816,10.64215,56,7478,Africa/Tunis,211.5,171.6,55.71,9.18434,97.3
2519980,Casares,ES,Spain,36.44689,-5.2858,354,4021,Europe/Madrid,210.9,172.2,38.44,8.797321,82.2
2550985,Driouch,MA,Morocco,34.97705,-3.37902,287,16096,Africa/Casablanca,210.9,172.3,40.52,8.828683,84.8
410874,Mizhirah,SA,Saudi Arabia,16.82611,42.73333,21,5529,Asia/Riyadh,210.7,172.4,69.76,10.668396,105.4
2527055,Tiztoutine,MA,Morocco,34.97159,-3.15273,198,5224,Africa/Casablanca,209.6,173.5,40.76,8.833518,85.6
2519513,Chiclana de la Frontera,ES,Spain,36.41976,-6.14367,42,83831,Europe/Madrid,208.5,174.6,37.56,8.780893,82.2
2478876,Tadjenanet,DZ,Algeria,36.12129,5.9867,857,41833,Africa/Algiers,208.5,174.6,50.45,9.054259,94.4
2508297,Aïn Arnat,DZ,Algeria,36.18683,5.31347,1022,25315,Africa/Algiers,208.5,174.6,49.71,9.036673,93.8
2561124,Ahfir,MA,Morocco,34.95368,-2.10027,252,21435,Africa/Casablanca,208.2,174.9,41.9,8.856373,87.3
2498392,El Eulma,DZ,Algeria,36.15281,5.69016,959,145380,Africa/Algiers,207.8,175.3,50.12,9.046468,94.3
2548855,Fifi,MA,Morocco,34.94873,-5.24798,579,0,Africa/Casablanca,206.5,176.7,38.52,8.789848,84.5
2500017,Djelfa,DZ,Algeria,34.67279,3.263,1138,265833,Africa/Algiers,205.6,177.5,47.83,8.984048,93.7
72855,Al Jawl,YE,Yemen,14.45625,48.28066,349,0,Asia/Aden,205.0,178.1,61.01,10.887303,103.4
2481207,Sidi Akkacha,DZ,Algeria,36.46472,1.30258,120,26558,Africa/Algiers,204.8,178.3,45.36,8.938412,91.5
2501362,Chetouane,DZ,Algeria,34.92129,-1.29512,578,36776,Africa/Algiers,204.0,179.1,42.78,8.874233,89.7
2481700,Sétif,DZ,Algeria,36.19112,5.41373,1096,252127,Africa/Algiers,203.5,179.6,49.81,9.039243,95.4
2511250,San Pedro Alcántara,ES,Spain,36.48839,-4.99123,52,34922,Europe/Madrid,202.5,180.6,38.75,8.803357,85.9
2526435,Zaïo,MA,Morocco,34.94282,-2.7329,198,39099,Africa/Casablanca,202.1,181.0,41.22,8.842467,88.8
2522162,Alcalá de los Gazules,ES,Spain,36.46212,-5.72382,209,5639,Europe/Madrid,202.0,181.1,37.99,8.789046,85.3
2542024,Mokrisset,MA,Morocco,34.92997,-5.35293,571,1784,Africa/Casablanca,201.7,181.5,38.41,8.787653,86.2
13132700,Amiret Touazra,TN,Tunisia,35.48639,10.76283,71,6261,Africa/Tunis,201.3,181.8,55.84,9.187787,100.2
2560792,Ain Erreggada,MA,Morocco,34.93348,-2.22995,215,2941,Africa/Casablanca,201.3,181.9,41.76,8.853444,89.6
2484846,Ouled Mimoun,DZ,Algeria,34.90472,-1.03394,700,25377,Africa/Algiers,201.2,182.0,43.06,8.880102,91.0
2530516,Tamorot,MA,Morocco,34.93632,-4.7794,979,0,Africa/Casablanca,201.1,182.1,39.02,8.799146,87.1
2513961,Medina Sidonia,ES,Spain,36.45695,-5.92717,268,11658,Europe/Madrid,201.0,182.1,37.78,8.785141,85.5
2471726,Dar Ali Ben Hassene,TN,Tunisia,35.5,10.7,89,5068,Africa/Tunis,200.2,182.9,55.77,9.185909,100.4
2529872,Targuist,MA,Morocco,34.93769,-4.31856,1029,14621,Africa/Casablanca,200.1,183.0,39.51,8.808597,88.0
2542230,Midar,MA,Morocco,34.94025,-3.53311,388,16402,Africa/Casablanca,199.9,183.2,40.35,8.825227,88.8
403271,Aş Şarārah,YE,Yemen,15.79449,43.86997,2720,0,Asia/Aden,198.4,184.7,67.64,10.732234,108.4
2557391,Arbaoua,MA,Morocco,34.90239,-5.94871,143,3330,Africa/Casablanca,197.3,185.9,37.78,8.775836,87.2
2555467,Berkane,MA,Morocco,34.92,-2.32,173,119284,Africa/Casablanca,196.4,186.7,41.66,8.851421,91.2
2564788,Aklim,MA,Morocco,34.92,-2.43,102,10586,Africa/Casablanca,195.9,187.2,41.55,8.849022,91.3
2477255,Telerghma,DZ,Algeria,36.11653,6.35434,748,26248,Africa/Algiers,195.8,187.4,50.85,9.063953,98.4
2514169,Marbella,ES,Spain,36.51543,-4.88583,57,156295,Europe/Madrid,195.5,187.6,38.86,8.805566,88.7
2469252,Menzel Salem,TN,Tunisia,35.85673,8.47654,624,2856,Africa/Tunis,195.1,188.0,53.23,9.121772,100.1
12718692,Issaguen,MA,Morocco,34.91875,-4.56889,1254,2701,Africa/Casablanca,195.0,188.1,39.24,8.803291,89.6
102451,Şāmitah,SA,Saudi Arabia,16.59601,42.94435,62,26945,Asia/Riyadh,194.4,188.7,69.35,10.681456,109.2
77800,Aş Şawma‘ah,YE,Yemen,14.08505,45.80101,2040,0,Asia/Aden,194.0,189.2,64.03,10.835854,108.2
2541833,Moulay Bousselham,MA,Morocco,34.88158,-6.29455,45,8050,Africa/Casablanca,193.8,189.3,37.41,8.769014,88.0
12718684,Sidi Slimane Echcharaa,MA,Morocco,34.90818,-2.35055,232,32979,Africa/Casablanca,192.3,190.8,41.63,8.85069,92.5
2511388,San Fernando,ES,Spain,36.4759,-6.19817,15,95174,Europe/Madrid,191.9,191.2,37.51,8.780225,88.6
407094,Al Jamīmah,YE,Yemen,16.01787,43.59647,1547,0,Asia/Aden,191.8,191.3,68.14,10.717669,109.8
11524299,King Abdullah City,SA,Saudi Arabia,22.44633,39.12455,1,10000,Asia/Riyadh,191.6,191.5,76.58,10.38983,111.2
13132706,Menzel Hayet,TN,Tunisia,35.54206,10.57436,102,12952,Africa/Tunis,191.4,191.8,55.61,9.182098,102.6
2521146,Benahavís,ES,Spain,36.52361,-5.04631,189,2275,Europe/Madrid,191.3,191.8,38.69,8.802448,90.0
7890531,Al Khāniq,YE,Yemen,15.50253,44.18158,2191,2,Asia/Aden,191.2,192.0,67.05,10.74965,109.8
2470146,Jerissa,TN,Tunisia,35.84509,8.63028,634,9807,Africa/Tunis,191.0,192.2,53.4,9.126049,101.3
2503620,Bordj Zemoura,DZ,Algeria,36.27462,4.85668,1043,19782,Africa/Algiers,191.0,192.2,49.19,9.024927,98.5
13132703,Amiret Hajjaj,TN,Tunisia,35.50128,10.82032,59,8121,Africa/Tunis,190.7,192.5,55.9,9.189372,102.9
2482572,Saïda,DZ,Algeria,34.83033,0.15171,840,142497,Africa/Algiers,190.6,192.6,44.37,8.907473,95.4
2517595,Fuengirola,ES,Spain,36.53998,-4.62473,13,71482,Europe/Madrid,190.3,192.8,39.12,8.81084,90.8
2517283,Gaucín,ES,Spain,36.51784,-5.31581,619,1847,Europe/Madrid,189.9,193.2,38.41,8.797083,90.1
2475687,Tlemcen,DZ,Algeria,34.87833,-1.315,811,173531,Africa/Algiers,189.4,193.8,42.76,8.873589,94.5
2473274,Rejiche,TN,Tunisia,35.46665,11.03848,6,11410,Africa/Tunis,189.0,194.2,56.15,9.195853,103.5
2477148,Ténès,DZ,Algeria,36.51076,1.30809,50,29220,Africa/Algiers,188.4,194.8,45.35,8.938664,96.6
2470649,Hamadet el Kebalou,TN,Tunisia,35.5,10.86667,60,4406,Africa/Tunis,187.6,195.6,55.95,9.190714,103.7
74167,Jiḩānah,YE,Yemen,15.22628,44.48244,2249,0,Asia/Aden,186.8,196.3,66.48,10.766273,110.7
410914,Kushar,YE,Yemen,16.15523,43.42102,1586,0,Asia/Aden,186.1,197.0,68.46,10.708569,111.2
2504616,Beni Mester,DZ,Algeria,34.87045,-1.42319,683,19808,Africa/Algiers,185.4,197.7,42.64,8.871146,95.6
2501541,Chelghoum el Aïd,DZ,Algeria,36.16286,6.16651,766,54495,Africa/Algiers,184.8,198.3,50.63,9.058954,101.2
12718682,Kassita,MA,Morocco,34.89025,-3.72657,684,2921,Africa/Casablanca,183.4,199.8,40.15,8.820841,94.2
2490183,Mansoûra,DZ,Algeria,34.86158,-1.33935,894,52285,Africa/Algiers,182.9,200.2,42.73,8.872964,96.4
2502958,Bouïra,DZ,Algeria,36.37489,3.902,519,68545,Africa/Algiers,181.9,201.2,48.15,9.001007,100.3
2517260,Genalguacil,ES,Spain,36.54546,-5.23572,540,551,Europe/Madrid,181.7,201.4,38.49,8.79881,93.0
2512857,Paterna de Rivera,ES,Spain,36.52246,-5.86578,129,5306,Europe/Madrid,181.6,201.5,37.85,8.786737,92.5
2571434,Dar Haj Ahmed Ben Ameur,TN,Tunisia,35.66564,9.96665,113,2921,Africa/Tunis,180.9,202.2,54.91,9.164222,104.7
2472837,Zarat,TN,Tunisia,33.66655,10.34896,30,5661,Africa/Tunis,180.3,202.8,56.15,9.185179,105.6
2543667,Lalla Mimouna,MA,Morocco,34.84606,-6.06645,38,17217,Africa/Casablanca,180.2,203.0,37.65,8.773256,92.9
2513163,Ojén,ES,Spain,36.56486,-4.85561,253,2347,Europe/Madrid,179.4,203.7,38.88,8.806383,94.1
2521121,Benarrabá,ES,Spain,36.5512,-5.27608,535,550,Europe/Madrid,179.3,203.9,38.45,8.798066,93.7
358388,Darāw,EG,Egypt,24.40796,32.92324,96,61790,Africa/Cairo,179.0,204.1,82.68,10.13011,114.2
78137,Ar Rawḑah,YE,Yemen,15.43251,44.22399,2219,0,Asia/Aden,178.9,204.2,66.95,10.752945,112.5
2501323,Chiffa,DZ,Algeria,36.46293,2.73873,110,23218,Africa/Algiers,178.2,204.9,46.88,8.972608,100.5
2498752,El Affroun,DZ,Algeria,36.4701,2.62528,96,35074,Africa/Algiers,178.1,205.1,46.76,8.969878,100.5
2486825,Mouzaïa,DZ,Algeria,36.46695,2.68991,121,28552,Africa/Algiers,177.7,205.4,46.83,8.971429,100.6
349717,Samālūţ,EG,Egypt,28.31214,30.71007,41,142009,Africa/Cairo,177.4,205.7,79.35,9.952673,113.9
109481,Al Jarādīyah,SA,Saudi Arabia,16.57946,42.9124,49,7396,Asia/Riyadh,177.4,205.7,69.39,10.68105,112.9
8357764,Saḩḩab,YE,Yemen,15.60223,44.0242,2605,0,Asia/Aden,177.2,206.0,67.32,10.742337,113.1
2484933,Ouled Djellal,DZ,Algeria,34.43,5.06139,229,58481,Africa/Algiers,176.8,206.3,49.91,9.031685,102.9
2555885,Bni Drar,MA,Morocco,34.86005,-1.98979,453,11939,Africa/Casablanca,176.7,206.4,42.03,8.858449,97.6
105299,Jizan,SA,Saudi Arabia,16.88917,42.55111,19,105198,Asia/Riyadh,176.2,207.0,70.05,10.661238,113.3
2503468,Boû Arfa,DZ,Algeria,36.46298,2.81464,241,44143,Africa/Algiers,176.1,207.0,46.96,8.974416,101.1
11776817,Jadder Cemetery,YE,Yemen,15.467,44.17787,1750,10000,Asia/Aden,176.0,207.1,67.04,10.750571,113.0
2516269,Jubrique,ES,Spain,36.56475,-5.2156,581,729,Europe/Madrid,175.1,208.0,38.51,8.7993,95.0
2512169,Puerto Real,ES,Spain,36.52819,-6.19011,14,40183,Europe/Madrid,174.8,208.3,37.51,8.780701,94.4
2490584,Maghnia,DZ,Algeria,34.84969,-1.72753,395,87373,Africa/Algiers,174.5,208.6,42.31,8.864294,98.4
2464809,Tajerouine,TN,Tunisia,35.89174,8.55276,660,19362,Africa/Tunis,174.5,208.6,53.29,9.123763,105.2
2520600,Cadiz,ES,Spain,36.52672,-6.2891,22,116979,Europe/Madrid,173.7,209.4,37.41,8.77884,94.7
2485540,Ouenza,DZ,Algeria,35.95333,8.12917,606,47312,Africa/Algiers,172.9,210.2,52.82,9.111974,105.3
2503769,Blida,DZ,Algeria,36.47004,2.8277,256,331779,Africa/Algiers,172.7,210.5,46.98,8.974739,101.9
2470173,Zarzis,TN,Tunisia,33.50398,11.11215,11,79316,Africa/Tunis,172.2,210.9,57.08,9.209271,107.8
2516421,Istán,ES,Spain,36.58273,-4.94956,295,1461,Europe/Madrid,171.8,211.3,38.79,8.80464,96.3
2501289,Chorfa,DZ,Algeria,36.36505,4.32636,342,20556,Africa/Algiers,171.6,211.5,48.6,9.011671,103.2
78428,‘Amrān,YE,Yemen,15.6594,43.94385,2239,90792,Asia/Aden,171.3,211.8,67.46,10.738331,114.2
2522014,Algatocín,ES,Spain,36.57356,-5.27554,716,934,Europe/Madrid,171.0,212.1,38.45,8.798159,96.2
2521139,Benalmádena,ES,Spain,36.5961,-4.57267,240,58854,Europe/Madrid,170.9,212.2,39.17,8.812115,96.9
2472833,Zouila,TN,Tunisia,35.50056,11.06056,5,44349,Africa/Tunis,170.5,212.6,56.16,9.196319,107.6
2513882,Mijas,ES,Spain,36.59575,-4.63728,418,80630,Europe/Madrid,170.2,212.9,39.11,8.810794,97.0
2521554,Arroyo de la Miel,ES,Spain,36.59917,-4.53505,20,17763,Europe/Madrid,170.2,212.9,39.21,8.812932,97.2
403272,An Nāşirah,YE,Yemen,15.77277,43.80902,2327,0,Asia/Aden,169.4,213.7,67.71,10.731154,114.6
2501767,Charef,DZ,Algeria,34.62098,2.79503,1157,27700,Africa/Algiers,169.4,213.7,47.32,8.972063,103.2
2473572,Mahdia,TN,Tunisia,35.50472,11.06222,7,51803,Africa/Tunis,168.2,215.0,56.16,9.196346,108.1
2470578,El-Hamma-Djerid,TN,Tunisia,34.01152,8.15308,34,6467,Africa/Tunis,167.3,215.8,53.52,9.118905,107.0
84130,Qaryat ‘Umar al Mukhtār,LY,Libya,32.62978,21.67651,761,8031,Africa/Tripoli,167.0,216.1,68.98,9.559019,113.1
2466075,Sidi Ben Nour,TN,Tunisia,35.53333,10.91667,9,4520,Africa/Tunis,166.7,216.4,55.99,9.192001,108.3
2494962,Hadjout,DZ,Algeria,36.51257,2.41382,88,33830,Africa/Algiers,164.4,218.7,46.53,8.964854,103.7
2473449,Kairouan,TN,Tunisia,35.6781,10.09633,65,139070,Africa/Tunis,163.9,219.2,55.04,9.167858,108.4
2547782,Hassi Berkane,MA,Morocco,34.83898,-2.86699,393,0,Africa/Casablanca,163.7,219.4,41.08,8.839102,100.4
2521142,Benalauría,ES,Spain,36.59445,-5.26099,666,469,Europe/Madrid,163.1,220.1,38.46,8.798574,98.5
2510281,Torremolinos,ES,Spain,36.62035,-4.49976,47,65448,Europe/Madrid,162.0,221.1,39.25,8.813738,99.4
71273,Saḩar,YE,Yemen,15.31637,44.3088,2374,31859,Asia/Aden,161.7,221.4,66.77,10.758816,115.9
13132696,Menzel Fersi,TN,Tunisia,35.5515,10.86952,22,3603,Africa/Tunis,161.3,221.9,55.93,9.190551,109.3
2472838,Zeramedine,TN,Tunisia,35.57525,10.73456,82,16806,Africa/Tunis,161.1,222.0,55.77,9.186543,109.3
2508162,’Aïn el Hadjar,DZ,Algeria,34.75846,0.14528,1024,12996,Africa/Algiers,160.3,222.8,44.37,8.907118,103.5
403270,Al Maghrabah,YE,Yemen,15.87722,43.66667,1252,0,Asia/Aden,159.1,224.0,67.97,10.723878,116.3
75163,Ḩaraḑ,YE,Yemen,16.40965,43.05883,105,0,Asia/Aden,158.7,224.4,69.09,10.690406,116.3
2472732,Beni Hassane,TN,Tunisia,35.5672,10.80869,51,8801,Africa/Tunis,158.4,224.7,55.86,9.188718,109.9
2512158,Pujerra,ES,Spain,36.61274,-5.14979,788,316,Europe/Madrid,156.9,226.3,38.58,8.800796,100.2
2525874,Zoumi,MA,Morocco,34.80321,-5.34458,369,4846,Africa/Casablanca,156.7,226.5,38.42,8.787227,100.3
2540810,Ouezzane,MA,Morocco,34.79584,-5.57849,306,65088,Africa/Casablanca,155.8,227.3,38.17,8.782535,100.4
110059,Al ‘Aqīq,SA,Saudi Arabia,20.65,41.41667,1395,19269,Asia/Riyadh,154.7,228.5,73.19,10.513448,117.4
2517772,Faraján,ES,Spain,36.61695,-5.18839,644,242,Europe/Madrid,154.6,228.5,38.54,8.800112,100.8
2503156,Bougaa,DZ,Algeria,36.33293,5.08843,859,31922,Africa/Algiers,154.2,228.9,49.43,9.030881,107.4
2513699,Monda,ES,Spain,36.63027,-4.83192,365,2078,Europe/Madrid,153.7,229.4,38.91,8.807186,101.3
2469744,Kesra,TN,Tunisia,35.81363,9.36434,999,2729,Africa/Tunis,152.3,230.8,54.2,9.146491,110.1
2519198,Cortes de la Frontera,ES,Spain,36.6171,-5.34266,626,3579,Europe/Madrid,152.3,230.9,38.38,8.797146,101.2
2471454,Degache,TN,Tunisia,33.97606,8.2081,58,8134,Africa/Tunis,152.1,231.0,53.6,9.120619,110.0
2516237,Júzcar,ES,Spain,36.62442,-5.16971,645,193,Europe/Madrid,151.5,231.6,38.56,8.800516,101.5
34886,Mustabā’,YE,Yemen,16.22816,43.24895,247,0,Asia/Aden,151.2,232.0,68.73,10.701341,117.6
2480368,Sidi Khaled,DZ,Algeria,34.387,4.98785,204,38987,Africa/Algiers,150.7,232.4,49.83,9.029766,108.5
360531,Al Quşayr,EG,Egypt,26.10611,34.27716,23,24653,Africa/Cairo,150.7,232.4,80.61,10.129311,118.6
8739768,Mosquée,MA,Morocco,34.80622,-2.41297,800,3150,Africa/Casablanca,150.6,232.5,41.57,8.848797,103.9
6559645,San José del Valle,ES,Spain,36.60554,-5.79895,141,0,Europe/Madrid,150.3,232.8,37.91,8.788503,101.5
7363900,An Najd,YE,Yemen,14.42152,45.29596,1996,0,Asia/Aden,150.2,232.9,64.91,10.812434,117.5
2521985,Alhaurín el Grande,ES,Spain,36.643,-4.68728,249,23319,Europe/Madrid,149.8,233.3,39.05,8.81012,102.4
78708,Qaryat al Qābil,YE,Yemen,15.45033,44.12768,2250,0,Asia/Aden,149.7,233.4,67.09,10.749762,118.0
2516463,Igualeja,ES,Spain,36.63208,-5.12188,708,1052,Europe/Madrid,148.7,234.4,38.61,8.801469,102.3
2496643,Feidh el Botma,DZ,Algeria,34.5,3.76667,1110,26857,Africa/Algiers,148.2,234.9,48.43,8.997111,108.3
2518207,El Puerto de Santa María,ES,Spain,36.59389,-6.23298,11,88364,Europe/Madrid,147.6,235.5,37.47,8.780311,101.9
2521837,Alpandeire,ES,Spain,36.63402,-5.20216,702,285,Europe/Madrid,146.6,236.5,38.52,8.79993,102.7
2466499,Sidi el Hani,TN,Tunisia,35.67139,10.31583,87,2820,Africa/Tunis,146.5,236.6,55.28,9.174124,111.8
2469174,Mareth,TN,Tunisia,33.61794,10.28536,51,17385,Africa/Tunis,146.5,236.6,56.09,9.183536,112.1
2479183,Souma,DZ,Algeria,36.51833,2.90528,151,40745,Africa/Algiers,146.2,236.9,47.05,8.976712,107.9
2473439,El Ksour,TN,Tunisia,35.89607,8.88493,712,5576,Africa/Tunis,146.0,237.1,53.65,9.132922,111.1
88380,Az Zuwaytīnah,LY,Libya,30.9522,20.12022,7,21015,Africa/Tripoli,145.4,237.8,68.68,9.532519,116.6
2504622,Beni Mered,DZ,Algeria,36.52389,2.86131,136,92749,Africa/Algiers,144.6,238.5,47.0,8.975656,108.2
78471,Al Wuday‘,YE,Yemen,13.7721,46.01785,796,0,Asia/Aden,143.7,239.4,63.54,10.850685,118.0
2521504,Atajate,ES,Spain,36.64017,-5.24606,739,170,Europe/Madrid,142.9,240.2,38.48,8.79911,103.5
2520056,Cartajima,ES,Spain,36.64548,-5.1541,846,260,Europe/Madrid,141.7,241.4,38.57,8.800887,103.8
2516892,Guaro,ES,Spain,36.6563,-4.83433,343,2068,Europe/Madrid,141.4,241.7,38.9,8.807292,104.2
2521986,Alhaurín de la Torre,ES,Spain,36.66401,-4.56139,93,35114,Europe/Madrid,141.4,241.7,39.18,8.812752,104.4
2519367,Coín,ES,Spain,36.65947,-4.75639,210,21866,Europe/Madrid,141.0,242.1,38.98,8.808868,104.4
2538385,Ratba,MA,Morocco,34.77772,-4.93989,590,0,Africa/Casablanca,141.0,242.1,38.85,8.79521,104.3
2469341,Maktar,TN,Tunisia,35.85798,9.20072,924,13576,Africa/Tunis,140.3,242.9,54.0,9.141781,112.2
2469255,Menzel Kamel,TN,Tunisia,35.62477,10.66727,48,8432,Africa/Tunis,137.9,245.3,55.68,9.184385,113.4
2504553,Beni Tamou,DZ,Algeria,36.53833,2.82174,96,33846,Africa/Algiers,137.7,245.4,46.96,8.974727,109.5
2516313,Jimera de Líbar,ES,Spain,36.65119,-5.27412,535,431,Europe/Madrid,137.1,246.0,38.45,8.798688,104.8
2512927,Parauta,ES,Spain,36.65629,-5.12916,802,245,Europe/Madrid,136.7,246.4,38.6,8.801443,105.0
71137,Sanaa,YE,Yemen,15.35452,44.20646,2253,1937451,Asia/Aden,135.9,247.2,66.93,10.754837,120.2
2502962,Bouinan,DZ,Algeria,36.53167,2.99194,92,30271,Africa/Algiers,135.1,248.0,47.14,8.97885,110.0
73504,Lawdar,YE,Yemen,13.88282,45.86859,993,0,Asia/Aden,132.8,250.3,63.81,10.843523,119.8
2538028,Rislane,MA,Morocco,34.76987,-2.46034,1020,0,Africa/Casablanca,130.9,252.2,41.52,8.847564,108.0
2510275,Torrenueva,ES,Spain,36.70396,-3.48971,6,2514,Europe/Madrid,130.9,252.2,40.29,8.83444,107.3
2511700,Rota,ES,Spain,36.62364,-6.35997,0,28848,Europe/Madrid,130.2,252.9,37.34,8.778138,105.7
2470191,Djemmal,TN,Tunisia,35.62231,10.75696,30,55285,Africa/Tunis,128.6,254.5,55.78,9.186972,114.8
2485633,Oued el Alleug,DZ,Algeria,36.55528,2.79028,47,21146,Africa/Algiers,128.4,254.8,46.92,8.974001,111.1
2522031,Algar,ES,Spain,36.65748,-5.65558,208,1637,Europe/Madrid,127.0,256.1,38.06,8.791519,106.8
11239116,Nouvelle Matmata,TN,Tunisia,33.63,10.06,139,7526,Africa/Tunis,126.2,256.9,55.83,9.176685,115.2
2527100,Tizi Ouzli,MA,Morocco,34.76214,-3.79582,1302,1831,Africa/Casablanca,125.1,258.0,40.08,8.81866,108.3
2503147,Bougara,DZ,Algeria,36.54178,3.081,110,38352,Africa/Algiers,124.7,258.4,47.23,8.981026,111.8
2510398,Tolox,ES,Spain,36.68721,-4.90511,313,2261,Europe/Madrid,123.7,259.4,38.83,8.806096,107.8
2489922,M’Daourouch,DZ,Algeria,36.07821,7.8196,881,36351,Africa/Algiers,122.5,260.6,52.44,9.10318,114.3
2510112,Ubrique,ES,Spain,36.67777,-5.446,325,16979,Europe/Madrid,119.3,263.8,38.27,8.795604,108.3
64814,Bandarbeyla,SO,Somalia,9.4942,50.8122,29,13753,Africa/Mogadishu,119.3,263.8,54.53,11.088591,256.1
2476028,Tipasa,DZ,Algeria,36.58972,2.44889,97,15180,Africa/Algiers,119.0,264.1,46.55,8.965819,112.5
2484777,Ouled Slama Fouaga,DZ,Algeria,36.54828,3.11006,119,27573,Africa/Algiers,118.8,264.3,47.26,8.981739,112.8
2519757,Castell de Ferro,ES,Spain,36.72569,-3.355,21,2964,Europe/Madrid,118.8,264.3,40.43,8.83729,109.6
2463945,Zaouiet Kountech,TN,Tunisia,35.63333,10.76667,26,6713,Africa/Tunis,118.8,264.4,55.78,9.187198,116.2
2471788,Dahmani,TN,Tunisia,35.94388,8.82778,622,30720,Africa/Tunis,118.7,264.5,53.57,9.131209,115.3
2501440,Cherchell,DZ,Algeria,36.605,2.19083,38,34372,Africa/Algiers,118.6,264.5,46.27,8.959692,112.4
2518052,El Varadero,ES,Spain,36.72521,-3.52183,4,2000,Europe/Madrid,117.9,265.2,40.26,8.833894,109.7
413170,Al Miftāḩ,YE,Yemen,15.97431,43.46381,1976,0,Asia/Aden,116.0,267.1,68.29,10.715335,123.0
2511852,Rincón de la Victoria,ES,Spain,36.71715,-4.27583,11,38666,Europe/Madrid,115.0,268.1,39.48,8.81871,109.8
2472888,Ain Jaloulah,TN,Tunisia,35.79972,9.80477,182,1757,Africa/Tunis,114.6,268.5,54.68,9.15909,116.4
2558768,Ajdir,MA,Morocco,34.74347,-3.97582,1060,1577,Africa/Casablanca,113.9,269.2,39.88,8.814852,110.2
2520055,Cártama,ES,Spain,36.71068,-4.63297,89,21313,Europe/Madrid,113.8,269.3,39.11,8.811606,109.8
2482090,Sedrata,DZ,Algeria,36.12868,7.53376,794,45300,Africa/Algiers,111.9,271.2,52.11,9.095366,115.7
2521847,Almuñécar,ES,Spain,36.73246,-3.69173,0,27696,Europe/Madrid,111.6,271.5,40.08,8.83049,110.6
11204500,Ali Mendjeli,DZ,Algeria,36.2459,6.5671,790,64120,Africa/Algiers,111.2,271.9,51.04,9.069394,115.4
2514256,Málaga,ES,Spain,36.72016,-4.42034,22,592346,Europe/Madrid,110.9,272.2,39.33,8.815862,110.4
2515896,La Herradura,ES,Spain,36.73491,-3.7376,39,4248,Europe/Madrid,109.4,273.7,40.03,8.829567,110.9
2503181,Boufarik,DZ,Algeria,36.57413,2.91214,49,57162,Africa/Algiers,109.3,273.9,47.04,8.976978,114.1
2532195,Tabouda,MA,Morocco,34.71923,-5.1403,466,0,Africa/Casablanca,108.8,274.3,38.64,8.790892,110.3
2509581,Villaluenga del Rosario,ES,Spain,36.69644,-5.38601,870,495,Europe/Madrid,108.1,275.0,38.33,8.796719,110.2
2464427,Touza,TN,Tunisia,35.63544,10.82732,35,7236,Africa/Tunis,107.9,275.3,55.85,9.188927,117.6
11395738,Balanegra,ES,Spain,36.74886,-2.9097,15,0,Europe/Madrid,105.3,277.8,40.89,8.846557,112.0
2511503,Salobreña,ES,Spain,36.74277,-3.58717,45,12747,Europe/Madrid,105.3,277.8,40.19,8.832647,111.7
2522430,Adra,ES,Spain,36.74831,-3.02076,12,24373,Europe/Madrid,105.3,277.9,40.77,8.844262,111.9
2516915,Gualchos,ES,Spain,36.74467,-3.39079,355,2559,Europe/Madrid,105.2,277.9,40.39,8.836568,111.7
2521124,Benaocaz,ES,Spain,36.70069,-5.42222,780,728,Europe/Madrid,104.4,278.7,38.29,8.796075,110.8
2507646,Akbou,DZ,Algeria,36.4575,4.53494,215,38291,Africa/Algiers,104.3,278.8,48.8,9.016978,115.5
73638,Kuḩlān ‘Affār,YE,Yemen,15.73309,43.71902,2368,0,Asia/Aden,104.3,278.8,67.81,10.729865,124.4
2491050,Larbaâ,DZ,Algeria,36.56471,3.15434,100,58295,Africa/Algiers,103.8,279.4,47.3,8.982843,115.0
2464648,Tozeur,TN,Tunisia,33.91968,8.13352,51,37370,Africa/Tunis,102.2,280.9,53.53,9.118681,117.4
2473417,Ousseltia,TN,Tunisia,35.84778,9.58944,480,9006,Africa/Tunis,102.1,281.1,54.43,9.152787,117.8
2493605,Ighram,DZ,Algeria,36.46295,4.50532,334,15030,Africa/Algiers,101.7,281.4,48.77,9.016205,115.8
2532394,Souq Larb’a al Gharb,MA,Morocco,34.68664,-6.00272,37,44059,Africa/Casablanca,101.6,281.6,37.72,8.773647,110.9
2501680,Chebli,DZ,Algeria,36.57722,3.00917,56,19901,Africa/Algiers,101.5,281.7,47.15,8.979335,115.2
12718688,Souk El Arbaa,MA,Morocco,34.68473,-6.00344,38,75635,Africa/Casablanca,100.2,283.0,37.72,8.773623,111.1
2510309,Torre del Mar,ES,Spain,36.742,-4.09291,6,21980,Europe/Madrid,100.0,283.1,39.66,8.822484,112.2
2513477,Motril,ES,Spain,36.75066,-3.5179,34,60592,Europe/Madrid,100.0,283.1,40.26,8.834095,112.5
2507926,Aïn Smara,DZ,Algeria,36.2674,6.50135,627,32057,Africa/Algiers,99.1,284.0,50.96,9.067671,116.9
2520053,Estación de Cártama,ES,Spain,36.73333,-4.61667,40,5000,Europe/Madrid,98.1,285.0,39.12,8.812065,112.2
2473496,Moknine,TN,Tunisia,35.63333,10.9,18,62802,Africa/Tunis,97.7,285.5,55.92,9.191028,118.8
2521838,Alozaina,ES,Spain,36.72736,-4.85761,380,2251,Europe/Madrid,97.6,285.6,38.87,8.807232,112.1
2473826,Bekalta,TN,Tunisia,35.61739,10.99466,3,20506,Africa/Tunis,96.7,286.4,56.03,9.193832,119.0
2511357,San José,ES,Spain,36.76048,-2.10912,23,1012,Europe/Madrid,96.6,286.6,41.72,8.863366,113.6
2516326,Jerez de la Frontera,ES,Spain,36.68645,-6.13606,53,212879,Europe/Madrid,96.4,286.8,37.57,8.782688,111.8
2521123,Benaoján,ES,Spain,36.71929,-5.2522,558,1661,Europe/Madrid,94.8,288.4,38.47,8.799504,112.3
2513240,Nerja,ES,Spain,36.75278,-3.8744,51,21811,Europe/Madrid,94.4,288.8,39.89,8.826903,113.1
2511716,Roquetas de Mar,ES,Spain,36.76419,-2.61475,12,94925,Europe/Madrid,94.0,289.1,41.19,8.852757,113.7
8356282,Khayrān,YE,Yemen,16.02191,43.37859,470,0,Asia/Aden,92.4,290.8,68.44,10.711309,125.2
2509382,Yunquera,ES,Spain,36.73252,-4.92122,682,3298,Europe/Madrid,91.7,291.4,38.81,8.805945,112.9
2533158,Sidi Redouane,MA,Morocco,34.68692,-5.44538,199,0,Africa/Casablanca,89.3,293.8,38.32,8.784662,112.9
2510245,Torrox,ES,Spain,36.75793,-3.95233,147,16890,Europe/Madrid,88.8,294.3,39.81,8.825342,113.8
410915,Aslam,YE,Yemen,16.05961,43.32745,799,0,Asia/Aden,86.9,296.2,68.53,10.708761,125.8
2468106,Ksar Hellal,TN,Tunisia,35.64773,10.89046,27,55415,Africa/Tunis,83.8,299.3,55.91,9.190682,120.2
2499104,Draa el Mizan,DZ,Algeria,36.53628,3.8334,410,41263,Africa/Algiers,83.6,299.5,48.03,8.999435,117.6
2509974,Valdés,ES,Spain,36.75835,-4.24235,293,13529,Europe/Madrid,83.5,299.6,39.51,8.819524,114.3
2518494,El Ejido,ES,Spain,36.77629,-2.81456,84,84710,Europe/Madrid,82.5,300.6,40.98,8.84864,115.0
2508309,’Aïn Abid,DZ,Algeria,36.23194,6.94333,868,29486,Africa/Algiers,82.5,300.7,51.44,9.079361,118.8
13132705,Menzel Ennour,TN,Tunisia,35.66872,10.78085,40,11772,Africa/Tunis,81.9,301.3,55.78,9.187433,120.3
85026,Massah,LY,Libya,32.75249,21.62807,510,7831,Africa/Tripoli,80.7,302.4,68.83,9.555554,123.7
74219,Jawf al Maqbābah,YE,Yemen,13.83783,45.83488,919,14175,Asia/Aden,80.7,302.4,63.83,10.84398,126.0
70979,Sayyān,YE,Yemen,15.17177,44.32442,2482,69404,Asia/Aden,80.5,302.7,66.66,10.763645,126.6
2497849,El Khroub,DZ,Algeria,36.26333,6.69361,630,90122,Africa/Algiers,80.4,302.7,51.17,9.072749,118.9
2514356,Macharavialla,ES,Spain,36.7624,-4.21389,239,0,Europe/Madrid,80.2,302.9,39.54,8.820125,114.7
2513639,Montejaque,ES,Spain,36.73684,-5.2499,679,983,Europe/Madrid,79.3,303.8,38.47,8.799619,114.3
7870039,Ouerdanine,TN,Tunisia,35.69006,10.67598,75,23707,Africa/Tunis,78.1,305.0,55.66,9.184322,120.6
2473537,El Masdour,TN,Tunisia,35.68206,10.72746,21,4705,Africa/Tunis,76.9,306.2,55.72,9.185844,120.8
2511730,Ronda,ES,Spain,36.74231,-5.16709,718,36827,Europe/Madrid,76.3,306.8,38.55,8.801235,114.6
2464861,Teboulba,TN,Tunisia,35.64018,10.96731,22,41731,Africa/Tunis,76.2,307.0,55.99,9.192928,120.9
7648466,Totalán,ES,Spain,36.76526,-4.29707,277,800,Europe/Madrid,75.7,307.5,39.45,8.81848,115.1
2529656,Teroual,MA,Morocco,34.67452,-5.27331,426,0,Africa/Casablanca,73.7,309.4,38.5,8.787996,114.8
2491134,Lakhdaria,DZ,Algeria,36.56463,3.5933,171,42886,Africa/Algiers,72.2,311.0,47.77,8.993584,118.6
2522019,Algarrobo,ES,Spain,36.77388,-4.03952,90,5073,Europe/Madrid,71.9,311.2,39.72,8.823698,115.7
79006,Al Maḩābishah,YE,Yemen,15.94758,43.43587,1570,0,Asia/Aden,71.7,311.4,68.32,10.715317,127.2
2513800,Moclinejo,ES,Spain,36.77134,-4.25514,463,1167,Europe/Madrid,69.7,313.4,39.49,8.819296,115.7
2512490,Pizarra,ES,Spain,36.76543,-4.70833,78,7345,Europe/Madrid,65.7,317.4,39.03,8.810441,116.0
11862824,Souk Lahad,TN,Tunisia,33.77579,8.85992,44,13218,Africa/Tunis,65.5,317.6,54.41,9.140406,121.1
2503755,Boghni,DZ,Algeria,36.54222,3.95306,249,54666,Africa/Algiers,65.2,317.9,48.16,9.002446,119.3
2513713,Molvízar,ES,Spain,36.78592,-3.60783,233,2704,Europe/Madrid,65.0,318.1,40.16,8.832401,116.5
2479966,Sidi Moussa,DZ,Algeria,36.60637,3.08783,46,30887,Africa/Algiers,64.7,318.4,47.22,8.981287,119.0
2514371,Lújar,ES,Spain,36.78831,-3.404,564,500,Europe/Madrid,64.2,318.9,40.37,8.836463,116.6
2522187,Albuñol,ES,Spain,36.79203,-3.205,259,6157,Europe/Madrid,62.3,320.8,40.58,8.840625,116.9
2509769,Vélez-Málaga,ES,Spain,36.78107,-4.10266,62,74190,Europe/Madrid,62.1,321.0,39.65,8.822485,116.6
2540483,Oujda,MA,Morocco,34.68139,-1.90858,549,539711,Africa/Casablanca,61.7,321.4,42.13,8.859639,117.4
2469571,Lemta,TN,Tunisia,35.66667,10.88333,22,5790,Africa/Tunis,59.1,324.1,55.89,9.190386,122.1
13132707,Bennane Bodheur,TN,Tunisia,35.67534,10.83579,43,14258,Africa/Tunis,58.6,324.5,55.84,9.188976,122.1
2517618,Frigiliana,ES,Spain,36.78747,-3.89441,312,2560,Europe/Madrid,57.7,325.5,39.86,8.826616,117.0
2516413,Iznate,ES,Spain,36.78333,-4.18333,165,826,Europe/Madrid,56.9,326.2,39.57,8.820865,117.0
2512423,Polopos,ES,Spain,36.79466,-3.29816,794,1573,Europe/Madrid,56.6,326.5,40.48,8.838594,117.2
2510785,Sorvilán,ES,Spain,36.79505,-3.26769,790,746,Europe/Madrid,56.4,326.7,40.51,8.839219,117.2
78713,Āl Ma‘ūdah,YE,Yemen,14.21055,45.38732,2006,0,Asia/Aden,56.3,326.8,64.65,10.821204,128.1
75539,Ḩabābah,YE,Yemen,15.54418,43.87563,2604,0,Asia/Aden,53.2,329.9,67.49,10.739994,128.6
352628,Maţāy,EG,Egypt,28.41866,30.77861,38,82328,Africa/Cairo,52.9,330.2,79.25,9.952394,127.4
101633,Tabālah,SA,Saudi Arabia,19.95,42.4,1233,5151,Asia/Riyadh,52.3,330.8,71.64,10.563525,128.2
2473169,Seïada,TN,Tunisia,35.66887,10.89246,13,13711,Africa/Tunis,52.1,331.0,55.9,9.19064,122.5
7778654,Jete,ES,Spain,36.79691,-3.6672,147,0,Europe/Madrid,48.5,334.6,40.1,8.83128,117.8
2473420,Ouardenine,TN,Tunisia,35.70915,10.67397,63,18287,Africa/Tunis,48.4,334.7,55.65,9.184178,122.7
2502939,Bou Ismaïl,DZ,Algeria,36.64262,2.69007,29,40984,Africa/Algiers,48.3,334.8,46.79,8.971714,120.0
2210394,Tājūrā’,LY,Libya,32.88167,13.35056,6,100000,Africa/Tripoli,46.8,336.3,59.92,9.283675,123.7
2521128,Benamocarra,ES,Spain,36.79075,-4.16146,134,2904,Europe/Madrid,46.1,337.0,39.59,8.821348,117.7
2491578,Kolea,DZ,Algeria,36.63888,2.76845,137,61643,Africa/Algiers,45.7,337.4,46.88,8.973572,120.2
11169232,La Gangosa Vistasol,ES,Spain,36.80581,-2.62174,78,9780,Europe/Madrid,45.6,337.6,41.18,8.852788,118.3
2517049,Grazalema,ES,Spain,36.76018,-5.36839,827,2160,Europe/Madrid,45.5,337.6,38.35,8.797446,117.2
2475752,Tizi-n-Tleta,DZ,Algeria,36.54569,4.05712,483,22404,Africa/Algiers,45.0,338.1,48.27,9.00498,120.6
2516419,Ítrabo,ES,Spain,36.79998,-3.63899,396,1002,Europe/Madrid,43.1,340.0,40.13,8.8318,118.1
2518682,El Bosque,ES,Spain,36.75828,-5.50535,289,1984,Europe/Madrid,42.6,340.5,38.21,8.794963,117.5
2469140,Msaken,TN,Tunisia,35.72917,10.58082,47,89745,Africa/Tunis,39.7,343.5,55.54,9.181428,123.1
2521665,Arcos de la Frontera,ES,Spain,36.75075,-5.81056,144,31210,Europe/Madrid,37.2,345.9,37.9,8.789171,117.7
70677,Shibām,YE,Yemen,15.50943,43.90445,2587,0,Asia/Aden,36.2,347.0,67.43,10.741847,129.3
2511009,Sayalonga,ES,Spain,36.79819,-4.01325,347,1366,Europe/Madrid,35.9,347.2,39.74,8.824285,118.3
2467890,Ksibet el Mediouni,TN,Tunisia,35.68561,10.84256,31,14490,Africa/Tunis,33.4,349.7,55.84,9.189123,123.4
72519,Mukayrās,YE,Yemen,13.94427,45.67074,2161,0,Asia/Aden,31.8,351.3,64.11,10.836683,129.2
2522388,Aguadulce,ES,Spain,36.81409,-2.57235,38,13886,Europe/Madrid,26.8,356.4,41.23,8.853866,119.3
2472196,Bou Hadjar,TN,Tunisia,35.68333,10.86667,0,6137,Africa/Tunis,26.7,356.4,55.87,9.189832,123.6
2511666,Rubite,ES,Spain,36.80947,-3.34816,791,507,Europe/Madrid,26.7,356.4,40.43,8.837648,118.9
2519988,Casarabonela,ES,Spain,36.78616,-4.84276,480,2490,Europe/Madrid,20.0,363.1,38.89,8.807831,118.6
13132708,Bembla et Mnara,TN,Tunisia,35.6991,10.7952,27,16078,Africa/Tunis,8.4,374.7,55.78,9.187702,123.9
